Location,Area,Bedrooms,Bathrooms,Floors,Property_Age,Parking,Kitchen,Balcony,Furnishing,Property_Type,Construction_Quality,Price
Anantapur,3753,2,4,3,12,Yes,Yes,3,Fully Furnished,Apartment,Low,21641000.0
Bengaluru,4766,4,1,4,16,Yes,Yes,3,Fully Furnished,Plot,Medium,44778000.0
Kadapa,1239,2,1,4,18,Yes,Yes,0,Fully Furnished,Independent House,High,9510000.0
Rajahmundry,1901,4,3,1,27,Yes,Yes,3,Fully Furnished,Apartment,Low,11690000.0
Anantapur,3759,3,1,4,6,No,Yes,1,Semi Furnished,Apartment,High,25830000.0
Kadapa,2777,1,2,3,16,No,Yes,0,Semi Furnished,Plot,High,12335000.0
Kadapa,4404,3,4,3,0,No,Yes,0,Semi Furnished,Plot,Low,17584000.0
Tirupati,4423,1,2,4,4,No,Yes,3,Semi Furnished,Independent House,High,41641000.0
Rajahmundry,4714,3,3,1,24,Yes,Yes,2,Unfurnished,Apartment,High,30900000.0
Visakhapatnam,3727,3,3,1,5,Yes,Yes,1,Semi Furnished,Villa,High,49899000.0
Vijayawada,3331,2,1,4,25,Yes,No,0,Unfurnished,Plot,Low,14217000.0
Srikakulam,4258,5,1,2,1,Yes,Yes,1,Fully Furnished,Apartment,Low,23892000.0
Kurnool,3012,4,3,2,26,Yes,Yes,2,Unfurnished,Apartment,Low,14882000.0
Vijayawada,2651,4,3,2,24,No,Yes,0,Unfurnished,Villa,Medium,24694000.0
Guntur,4175,4,2,2,15,Yes,Yes,1,Unfurnished,Apartment,High,29731000.0
Srikakulam,3245,1,2,4,21,Yes,Yes,3,Semi Furnished,Plot,Medium,12120000.0
Srikakulam,4366,4,1,1,4,Yes,Yes,0,Semi Furnished,Villa,Medium,32015000.0
Pune,4264,4,2,3,4,Yes,Yes,0,Fully Furnished,Plot,High,44134000.0
Ongole,2722,2,1,3,30,Yes,Yes,0,Semi Furnished,Independent House,Low,13933000.0
Mumbai,3292,3,1,4,11,Yes,Yes,0,Unfurnished,Apartment,Medium,45086000.0
Bengaluru,2197,4,4,3,2,Yes,Yes,3,Semi Furnished,Plot,Low,19592000.0
Bengaluru,3962,5,1,2,29,No,Yes,2,Semi Furnished,Plot,Low,29198000.0
Srikakulam,4563,4,2,1,15,Yes,Yes,2,Unfurnished,Independent House,High,27765000.0
Visakhapatnam,2024,1,3,4,5,Yes,Yes,1,Fully Furnished,Apartment,Medium,19716000.0
Nellore,532,1,3,1,14,Yes,Yes,3,Semi Furnished,Plot,Medium,2903000.0
Anantapur,4525,1,2,4,14,No,Yes,3,Fully Furnished,Villa,Low,33040000.0
Kakinada,3066,4,3,4,28,Yes,Yes,1,Unfurnished,Plot,High,15663000.0
Anantapur,3303,2,1,4,15,No,Yes,3,Semi Furnished,Plot,Medium,12787000.0
Delhi,4396,5,3,4,19,No,Yes,3,Fully Furnished,Plot,Low,40792000.0
Tirupati,4209,4,2,1,12,No,Yes,0,Fully Furnished,Plot,Low,23167000.0
Chennai,1219,2,3,3,11,Yes,No,0,Unfurnished,Apartment,Low,10543000.0
Delhi,1472,2,1,4,9,Yes,Yes,0,Semi Furnished,Plot,High,17031000.0
Kakinada,4218,4,1,2,13,Yes,Yes,3,Fully Furnished,Independent House,High,39789000.0
Vijayawada,4902,4,2,4,30,Yes,No,3,Fully Furnished,Plot,Low,26189000.0
Bengaluru,2707,2,2,1,1,Yes,Yes,2,Fully Furnished,Villa,Low,43218000.0
Anantapur,4926,2,2,4,28,No,Yes,0,Fully Furnished,Villa,High,45898000.0
Srikakulam,4820,2,4,2,2,No,Yes,1,Fully Furnished,Plot,Low,19956000.0
Rajahmundry,3530,4,4,1,8,Yes,Yes,3,Fully Furnished,Plot,Low,17995000.0
Bengaluru,4075,2,1,4,10,Yes,Yes,0,Fully Furnished,Independent House,High,66872000.0
Visakhapatnam,3616,1,4,2,10,No,Yes,2,Fully Furnished,Independent House,Low,33406000.0
Chennai,3785,4,4,1,24,Yes,No,0,Fully Furnished,Apartment,Low,37924000.0
Pune,1143,1,3,4,21,Yes,Yes,2,Fully Furnished,Apartment,Low,12111000.0
Tirupati,694,3,4,2,9,Yes,Yes,2,Semi Furnished,Villa,High,10345000.0
Delhi,4496,4,3,1,25,No,Yes,3,Unfurnished,Plot,High,42595000.0
Rajahmundry,988,3,2,4,13,Yes,Yes,2,Unfurnished,Plot,High,6122000.0
Tirupati,2704,2,3,1,8,No,Yes,2,Unfurnished,Independent House,Medium,20172000.0
Vijayawada,3157,2,3,2,19,Yes,Yes,1,Fully Furnished,Independent House,Medium,29191000.0
Kurnool,3776,5,2,4,26,Yes,Yes,2,Unfurnished,Apartment,Medium,19662000.0
Ongole,1602,2,2,4,20,Yes,Yes,1,Fully Furnished,Apartment,Medium,10898000.0
Tirupati,1741,3,1,4,9,Yes,No,1,Semi Furnished,Villa,High,21794000.0
Delhi,1015,2,1,2,21,Yes,Yes,0,Unfurnished,Independent House,Low,10561000.0
Srikakulam,892,4,1,3,28,Yes,Yes,0,Semi Furnished,Plot,High,3706000.0
Vijayawada,1130,2,1,4,30,No,Yes,3,Semi Furnished,Independent House,Medium,8576000.0
Ongole,4216,5,3,2,8,Yes,Yes,3,Fully Furnished,Independent House,High,36998000.0
Tirupati,2347,2,3,1,28,No,Yes,3,Unfurnished,Independent House,Low,14028000.0
Chennai,3155,3,1,1,4,No,Yes,2,Semi Furnished,Apartment,Medium,31715000.0
Mumbai,1479,3,4,2,7,No,Yes,0,Unfurnished,Plot,Low,14052000.0
Bengaluru,3902,2,1,3,10,No,Yes,2,Semi Furnished,Plot,Low,29074000.0
Rajahmundry,4371,3,4,2,0,Yes,Yes,0,Semi Furnished,Apartment,Low,26467000.0
Chennai,777,3,2,1,20,Yes,Yes,2,Fully Furnished,Apartment,Medium,8545000.0
Rajahmundry,732,5,3,1,9,No,Yes,3,Unfurnished,Plot,High,5727000.0
Mumbai,2052,4,3,4,0,No,Yes,0,Fully Furnished,Villa,Medium,49634000.0
Hyderabad,3770,5,4,3,25,No,Yes,0,Fully Furnished,Independent House,Medium,46959000.0
Delhi,2909,1,1,2,29,Yes,Yes,1,Fully Furnished,Plot,High,32557000.0
Bengaluru,4012,5,3,1,21,Yes,Yes,0,Fully Furnished,Apartment,High,61347000.0
Hyderabad,525,2,4,1,6,Yes,Yes,0,Fully Furnished,Plot,High,6796000.0
Kakinada,960,4,2,1,27,No,Yes,2,Semi Furnished,Independent House,High,7818000.0
Bengaluru,4264,2,2,2,13,Yes,Yes,3,Unfurnished,Plot,Low,29248000.0
Hyderabad,3931,1,3,2,4,Yes,Yes,1,Unfurnished,Apartment,Medium,37295000.0
Guntur,3983,4,1,3,16,Yes,Yes,2,Fully Furnished,Villa,Medium,40615000.0
Anantapur,2494,3,4,4,21,Yes,Yes,0,Unfurnished,Apartment,Medium,12786000.0
Kakinada,990,5,3,4,25,Yes,Yes,2,Semi Furnished,Villa,High,11818000.0
Guntur,1572,2,2,4,20,No,Yes,3,Fully Furnished,Independent House,Medium,12755000.0
Srikakulam,3673,1,1,1,5,No,Yes,1,Semi Furnished,Apartment,Low,16451000.0
Rajahmundry,715,3,4,4,15,Yes,Yes,2,Semi Furnished,Plot,Medium,4743000.0
Kadapa,2223,5,3,1,10,Yes,Yes,0,Fully Furnished,Apartment,Medium,14956000.0
Pune,2092,3,4,3,9,No,Yes,2,Semi Furnished,Apartment,Low,21859000.0
Rajahmundry,3106,5,1,1,14,Yes,Yes,0,Fully Furnished,Independent House,Low,21227000.0
Visakhapatnam,658,4,1,3,6,No,Yes,1,Semi Furnished,Villa,Medium,8940000.0
Visakhapatnam,3813,3,2,3,22,Yes,Yes,1,Unfurnished,Villa,High,44300000.0
Guntur,3341,3,1,4,1,Yes,Yes,2,Unfurnished,Plot,High,18555000.0
Nellore,2276,3,3,4,30,Yes,Yes,1,Unfurnished,Apartment,Medium,12958000.0
Ongole,2552,4,4,1,11,No,Yes,3,Fully Furnished,Independent House,Medium,19160000.0
Anantapur,2795,1,1,2,18,Yes,Yes,2,Semi Furnished,Villa,Medium,20220000.0
Kakinada,2196,5,1,4,11,Yes,Yes,0,Semi Furnished,Plot,Medium,12311000.0
Anantapur,3493,3,3,4,15,Yes,Yes,2,Unfurnished,Villa,High,28607000.0
Kakinada,2969,4,4,2,5,Yes,Yes,0,Unfurnished,Plot,Medium,15336000.0
Rajahmundry,2446,1,4,2,2,Yes,Yes,1,Fully Furnished,Villa,Low,22036000.0
Srikakulam,4309,5,2,4,1,Yes,Yes,0,Fully Furnished,Plot,High,23927000.0
Vijayawada,3283,4,2,2,19,Yes,Yes,0,Semi Furnished,Villa,High,40090000.0
Guntur,4144,5,4,1,4,Yes,Yes,0,Fully Furnished,Villa,Low,39539000.0
Mumbai,3000,3,3,3,10,Yes,Yes,0,Fully Furnished,Apartment,Medium,51711000.0
Nellore,4145,1,3,3,25,Yes,Yes,3,Fully Furnished,Plot,Medium,20770000.0
Visakhapatnam,3145,4,2,4,24,Yes,Yes,0,Unfurnished,Plot,Medium,17286000.0
Srikakulam,2849,1,1,4,2,Yes,Yes,2,Unfurnished,Apartment,Medium,14758000.0
Rajahmundry,2432,3,3,1,2,Yes,Yes,3,Semi Furnished,Apartment,Medium,16860000.0
Visakhapatnam,3794,1,1,2,21,Yes,Yes,0,Fully Furnished,Villa,Low,41206000.0
Guntur,2257,1,3,4,4,Yes,Yes,0,Unfurnished,Villa,Medium,19469000.0
Visakhapatnam,1616,2,4,3,21,Yes,Yes,0,Fully Furnished,Villa,Low,18343000.0
Nellore,3067,1,2,1,22,Yes,Yes,3,Semi Furnished,Apartment,Low,17679000.0
Bengaluru,3999,5,1,1,10,Yes,Yes,0,Fully Furnished,Villa,Low,64148000.0
Chennai,992,4,1,2,2,Yes,Yes,0,Semi Furnished,Apartment,Medium,11734000.0
Visakhapatnam,3806,2,4,4,30,No,Yes,0,Semi Furnished,Villa,Medium,41281000.0
Guntur,1119,4,3,4,12,No,Yes,1,Unfurnished,Apartment,High,9631000.0
Nellore,3732,4,1,1,20,Yes,Yes,2,Fully Furnished,Plot,High,22298000.0
Chennai,4323,3,3,3,7,Yes,Yes,0,Unfurnished,Independent House,Low,38596000.0
Anantapur,2880,3,4,4,19,No,Yes,2,Fully Furnished,Villa,High,28523000.0
Kakinada,2046,2,2,3,9,No,Yes,1,Fully Furnished,Villa,Low,18555000.0
Bengaluru,4063,3,1,1,1,Yes,Yes,1,Semi Furnished,Apartment,High,56380000.0
Bengaluru,2105,3,3,4,3,Yes,Yes,0,Semi Furnished,Plot,Medium,19729000.0
Ongole,4252,3,1,3,17,Yes,Yes,2,Fully Furnished,Plot,Medium,19179000.0
Hyderabad,2390,4,3,1,18,Yes,Yes,3,Unfurnished,Villa,Low,26956000.0
Anantapur,1775,2,3,3,3,Yes,Yes,0,Semi Furnished,Apartment,Low,10108000.0
Pune,3243,4,3,4,19,Yes,Yes,3,Semi Furnished,Apartment,Medium,35395000.0
Tirupati,2993,5,4,2,25,No,Yes,1,Fully Furnished,Independent House,Medium,26556000.0
Nellore,856,4,2,3,8,Yes,Yes,1,Fully Furnished,Plot,Medium,7061000.0
Anantapur,1369,5,1,2,15,Yes,Yes,2,Semi Furnished,Independent House,High,11052000.0
Hyderabad,1385,1,2,4,25,Yes,Yes,3,Unfurnished,Plot,High,11085000.0
Bengaluru,2501,1,3,2,5,Yes,Yes,3,Semi Furnished,Villa,High,47174000.0
Kadapa,1783,5,3,1,24,Yes,Yes,0,Fully Furnished,Villa,High,16798000.0
Tirupati,1119,5,2,2,3,Yes,Yes,2,Semi Furnished,Apartment,Low,9563000.0
Hyderabad,1382,4,2,3,8,Yes,Yes,2,Fully Furnished,Apartment,Low,15946000.0
Anantapur,1296,5,1,3,26,Yes,Yes,3,Semi Furnished,Apartment,High,8402000.0
Vijayawada,4142,2,3,2,12,No,No,1,Fully Furnished,Plot,Low,23559000.0
Ongole,3925,1,2,1,8,Yes,Yes,2,Fully Furnished,Apartment,High,30416000.0
Hyderabad,1796,1,4,4,5,Yes,Yes,1,Unfurnished,Villa,High,27844000.0
Kurnool,744,5,3,2,20,Yes,Yes,0,Fully Furnished,Independent House,Medium,6744000.0
Srikakulam,3395,3,3,3,18,Yes,Yes,2,Semi Furnished,Villa,High,29184000.0
Srikakulam,1429,3,1,3,13,Yes,Yes,2,Fully Furnished,Villa,Low,10804000.0
Kadapa,1019,5,4,2,30,Yes,Yes,0,Semi Furnished,Villa,High,8603000.0
Anantapur,3712,2,1,2,20,Yes,Yes,2,Unfurnished,Independent House,Medium,18755000.0
Guntur,2909,3,4,2,14,Yes,Yes,3,Semi Furnished,Villa,Low,25056000.0
Guntur,507,5,1,4,2,No,No,3,Unfurnished,Plot,Medium,4828000.0
Hyderabad,3025,2,4,3,4,Yes,Yes,0,Unfurnished,Plot,High,25042000.0
Kakinada,3923,2,4,3,20,Yes,Yes,1,Fully Furnished,Independent House,High,36626000.0
Visakhapatnam,2519,4,4,3,17,Yes,Yes,1,Unfurnished,Plot,High,16953000.0
Anantapur,4782,2,2,4,13,No,No,2,Semi Furnished,Apartment,High,30166000.0
Kurnool,4167,3,3,1,15,Yes,Yes,1,Unfurnished,Plot,Low,13744000.0
Rajahmundry,4171,3,4,3,13,Yes,Yes,1,Unfurnished,Villa,High,36944000.0
Kakinada,3301,5,2,3,8,No,Yes,0,Fully Furnished,Plot,Medium,19352000.0
Nellore,585,5,2,1,14,Yes,Yes,1,Semi Furnished,Apartment,Low,4740000.0
Guntur,3615,2,1,4,6,Yes,Yes,1,Unfurnished,Apartment,Low,20361000.0
Ongole,4732,1,3,1,13,Yes,Yes,1,Fully Furnished,Apartment,Low,27849000.0
Srikakulam,2968,4,3,1,5,No,Yes,3,Fully Furnished,Villa,Medium,24619000.0
Bengaluru,4119,1,1,1,20,No,Yes,3,Semi Furnished,Apartment,Medium,46006000.0
Kakinada,2136,2,3,1,14,No,Yes,0,Fully Furnished,Villa,Medium,20849000.0
Pune,4083,2,1,4,19,No,Yes,2,Unfurnished,Apartment,Medium,37911000.0
Pune,4509,1,2,4,7,No,Yes,0,Fully Furnished,Villa,High,84296000.0
Srikakulam,3826,4,2,1,1,Yes,Yes,2,Semi Furnished,Villa,High,33338000.0
Anantapur,2718,1,4,2,7,No,Yes,2,Semi Furnished,Villa,Medium,20731000.0
Vijayawada,2717,5,1,2,0,Yes,Yes,1,Fully Furnished,Plot,Medium,19219000.0
Visakhapatnam,2869,3,2,2,25,Yes,No,1,Unfurnished,Apartment,High,24476000.0
Pune,4138,5,2,2,16,Yes,Yes,0,Fully Furnished,Villa,High,78722000.0
Nellore,3003,3,1,3,18,Yes,Yes,0,Semi Furnished,Apartment,Medium,18572000.0
Pune,1443,2,2,4,4,No,Yes,0,Fully Furnished,Plot,Low,12126000.0
Pune,3337,4,3,4,29,Yes,Yes,3,Fully Furnished,Independent House,Low,38589000.0
Pune,3160,1,2,1,21,Yes,Yes,3,Unfurnished,Apartment,Medium,29524000.0
Vijayawada,3436,4,1,3,19,Yes,Yes,3,Fully Furnished,Apartment,Low,26417000.0
Vijayawada,4944,1,3,1,15,No,Yes,3,Unfurnished,Plot,High,28492000.0
Nellore,4447,5,3,1,6,Yes,Yes,3,Fully Furnished,Villa,Low,40378000.0
Guntur,2176,5,2,4,6,Yes,Yes,1,Fully Furnished,Apartment,Medium,17920000.0
Guntur,1696,1,4,3,17,Yes,Yes,2,Unfurnished,Independent House,Low,10343000.0
Vijayawada,4605,4,3,2,17,Yes,Yes,3,Unfurnished,Plot,Low,21065000.0
Srikakulam,3287,1,1,4,1,Yes,Yes,0,Semi Furnished,Villa,Low,21304000.0
Kurnool,1961,2,4,3,14,Yes,Yes,2,Unfurnished,Apartment,High,12886000.0
Tirupati,3818,5,4,3,13,No,Yes,3,Fully Furnished,Apartment,High,38342000.0
Kadapa,1166,2,3,4,30,Yes,Yes,3,Semi Furnished,Plot,High,4632000.0
Pune,2676,5,2,4,17,Yes,Yes,1,Unfurnished,Villa,Medium,35891000.0
Kurnool,4243,5,4,1,28,Yes,Yes,1,Unfurnished,Villa,Low,26318000.0
Nellore,1100,3,2,1,8,Yes,Yes,1,Semi Furnished,Plot,High,7363000.0
Vijayawada,3152,2,3,1,13,Yes,Yes,3,Fully Furnished,Apartment,High,32714000.0
Kurnool,4922,2,1,2,4,Yes,Yes,1,Fully Furnished,Apartment,Low,28455000.0
Kadapa,4324,3,4,4,10,Yes,Yes,3,Semi Furnished,Villa,Medium,32850000.0
Mumbai,4406,4,1,3,7,No,Yes,2,Fully Furnished,Villa,Low,91461000.0
Mumbai,1479,2,2,4,4,Yes,Yes,2,Unfurnished,Independent House,Medium,22876000.0
Guntur,2951,1,2,3,28,Yes,Yes,3,Fully Furnished,Independent House,Low,20644000.0
Kakinada,1128,3,1,2,10,Yes,Yes,0,Unfurnished,Independent House,High,9267000.0
Kurnool,2129,2,3,4,4,Yes,Yes,3,Fully Furnished,Villa,High,23020000.0
Mumbai,4196,4,3,3,16,Yes,Yes,2,Unfurnished,Villa,High,90989000.0
Visakhapatnam,3930,2,4,3,21,Yes,Yes,2,Semi Furnished,Villa,Medium,43381000.0
Tirupati,4174,5,4,1,3,No,Yes,3,Unfurnished,Apartment,Low,27136000.0
Visakhapatnam,4429,1,3,2,14,Yes,Yes,3,Fully Furnished,Plot,Medium,29281000.0
Anantapur,3265,3,3,4,18,Yes,Yes,3,Unfurnished,Villa,High,26481000.0
Kakinada,4869,5,1,1,21,No,Yes,2,Fully Furnished,Apartment,Medium,35135000.0
Guntur,615,4,2,2,1,Yes,Yes,0,Fully Furnished,Villa,Medium,7898000.0
Rajahmundry,2503,5,2,1,23,No,Yes,3,Unfurnished,Plot,Medium,10167000.0
Anantapur,1192,5,4,4,16,Yes,Yes,2,Fully Furnished,Villa,Low,10614000.0
Delhi,3662,4,3,3,11,Yes,Yes,3,Semi Furnished,Apartment,Medium,46967000.0
Rajahmundry,1605,5,1,4,24,Yes,Yes,2,Fully Furnished,Villa,Medium,14607000.0
Guntur,3508,3,4,2,23,No,Yes,3,Semi Furnished,Villa,Medium,31438000.0
Kadapa,2661,2,1,4,16,No,Yes,2,Semi Furnished,Villa,High,21999000.0
Delhi,653,5,3,2,9,Yes,Yes,3,Fully Furnished,Independent House,High,14748000.0
Ongole,4199,3,3,1,27,Yes,Yes,1,Semi Furnished,Villa,Low,29470000.0
Visakhapatnam,4910,2,3,2,30,Yes,Yes,3,Semi Furnished,Apartment,High,47286000.0
Anantapur,4286,2,2,3,24,Yes,Yes,2,Unfurnished,Apartment,Low,18704000.0
Mumbai,1564,5,3,3,17,Yes,Yes,3,Semi Furnished,Apartment,High,29366000.0
Mumbai,4700,3,4,3,18,Yes,Yes,0,Semi Furnished,Villa,Low,86625000.0
Pune,2413,5,2,1,17,Yes,Yes,3,Semi Furnished,Plot,Low,17646000.0
Vijayawada,1716,4,1,2,12,Yes,Yes,3,Semi Furnished,Apartment,Low,13124000.0
Guntur,2901,2,4,1,13,Yes,Yes,3,Semi Furnished,Independent House,High,25643000.0
Mumbai,2272,5,4,4,23,No,Yes,0,Fully Furnished,Plot,Medium,28860000.0
Srikakulam,2460,2,1,4,15,No,Yes,0,Semi Furnished,Apartment,High,14900000.0
Nellore,3280,3,2,4,17,Yes,Yes,0,Fully Furnished,Villa,Medium,31497000.0
Nellore,3371,1,4,4,25,No,Yes,1,Fully Furnished,Independent House,High,29568000.0
Kakinada,1160,5,4,3,17,Yes,Yes,0,Fully Furnished,Apartment,Medium,10593000.0
Kakinada,3135,5,4,2,15,No,No,1,Unfurnished,Independent House,High,24473000.0
Visakhapatnam,2829,2,2,3,30,Yes,Yes,3,Unfurnished,Plot,Low,12825000.0
Mumbai,4454,3,2,2,16,Yes,Yes,1,Fully Furnished,Apartment,Low,67742000.0
Mumbai,2950,4,2,2,6,No,Yes,3,Unfurnished,Villa,Low,50274000.0
Visakhapatnam,1632,3,4,1,11,Yes,Yes,1,Semi Furnished,Independent House,Medium,16174000.0
Guntur,1199,5,3,4,1,No,Yes,0,Fully Furnished,Apartment,Medium,11824000.0
Kadapa,2538,4,1,2,9,No,Yes,0,Fully Furnished,Plot,Low,10738000.0
Pune,5000,3,3,4,4,No,Yes,1,Fully Furnished,Plot,Medium,44428000.0
Rajahmundry,2679,1,2,4,20,Yes,Yes,1,Unfurnished,Apartment,Low,12679000.0
Tirupati,3338,2,4,4,2,Yes,No,0,Unfurnished,Plot,High,19975000.0
Kurnool,1373,3,4,3,18,Yes,Yes,3,Unfurnished,Independent House,Medium,8926000.0
Rajahmundry,583,3,3,4,12,No,Yes,3,Semi Furnished,Independent House,Medium,5351000.0
Visakhapatnam,1922,1,3,2,11,Yes,Yes,3,Unfurnished,Independent House,High,18853000.0
Mumbai,3175,5,1,3,2,Yes,Yes,3,Fully Furnished,Independent House,Medium,59783000.0
Visakhapatnam,3680,2,4,4,5,Yes,Yes,2,Unfurnished,Plot,Medium,21725000.0
Delhi,4816,3,3,1,13,Yes,Yes,3,Unfurnished,Apartment,Medium,55558000.0
Chennai,4475,4,1,4,3,Yes,Yes,2,Unfurnished,Plot,High,35306000.0
Delhi,1891,3,2,4,12,Yes,Yes,2,Unfurnished,Plot,Low,15065000.0
Vijayawada,3718,2,3,3,18,No,Yes,0,Fully Furnished,Apartment,Low,28331000.0
Visakhapatnam,4707,3,2,2,17,Yes,No,0,Unfurnished,Apartment,High,40970000.0
Mumbai,1114,1,1,4,28,No,Yes,1,Fully Furnished,Villa,High,28531000.0
Kakinada,3471,3,2,3,2,Yes,Yes,3,Unfurnished,Independent House,High,27583000.0
Tirupati,4065,3,4,3,19,Yes,Yes,3,Semi Furnished,Apartment,Low,27562000.0
Guntur,4076,4,4,2,5,Yes,Yes,0,Semi Furnished,Plot,High,24960000.0
Tirupati,770,1,2,3,15,Yes,Yes,0,Fully Furnished,Independent House,Low,6015000.0
Guntur,4566,1,4,2,19,Yes,Yes,0,Fully Furnished,Independent House,High,42565000.0
Chennai,2968,3,1,1,23,No,Yes,1,Semi Furnished,Plot,Medium,20554000.0
Mumbai,1890,4,4,4,2,Yes,Yes,3,Semi Furnished,Apartment,Low,28235000.0
Rajahmundry,3854,3,2,3,11,Yes,Yes,1,Unfurnished,Independent House,Low,21774000.0
Anantapur,4635,3,2,1,18,Yes,Yes,2,Semi Furnished,Independent House,High,31829000.0
Visakhapatnam,4107,2,2,3,18,No,Yes,2,Fully Furnished,Independent House,Medium,40820000.0
Pune,3083,2,3,3,23,Yes,Yes,3,Fully Furnished,Independent House,Low,35061000.0
Guntur,4573,4,2,1,3,Yes,Yes,0,Semi Furnished,Independent House,High,40231000.0
Mumbai,3575,5,1,3,0,Yes,Yes,0,Fully Furnished,Plot,Medium,45792000.0
Srikakulam,4406,2,4,3,1,No,Yes,1,Unfurnished,Apartment,Low,19939000.0
Chennai,789,5,4,1,12,Yes,Yes,2,Unfurnished,Apartment,High,10356000.0
Kurnool,2980,1,3,3,29,Yes,Yes,2,Semi Furnished,Independent House,Medium,17599000.0
Kurnool,3752,2,3,2,25,Yes,Yes,3,Fully Furnished,Independent House,Low,22675000.0
Hyderabad,778,2,1,3,28,No,Yes,2,Semi Furnished,Independent House,Low,6549000.0
Rajahmundry,3424,4,2,4,12,Yes,Yes,0,Fully Furnished,Plot,Medium,18561000.0
Vijayawada,1080,5,3,3,29,No,Yes,0,Fully Furnished,Plot,High,8331000.0
Guntur,753,2,4,4,1,Yes,Yes,0,Fully Furnished,Villa,High,10878000.0
Bengaluru,4776,2,3,4,29,Yes,Yes,3,Unfurnished,Independent House,Medium,52704000.0
Guntur,1324,4,3,3,18,Yes,Yes,1,Fully Furnished,Villa,Low,12434000.0
Nellore,4332,4,2,1,21,No,Yes,2,Unfurnished,Villa,Medium,33237000.0
Mumbai,1199,5,3,2,23,Yes,Yes,3,Fully Furnished,Villa,Medium,28424000.0
Tirupati,1880,1,1,2,15,No,Yes,1,Semi Furnished,Apartment,Medium,13367000.0
Visakhapatnam,4396,1,4,3,11,Yes,Yes,3,Unfurnished,Villa,Low,39751000.0
Pune,2173,3,2,1,0,No,No,2,Unfurnished,Independent House,Medium,23738000.0
Pune,3227,2,4,1,8,Yes,Yes,0,Unfurnished,Plot,Medium,23256000.0
Srikakulam,3656,5,1,2,16,Yes,Yes,1,Semi Furnished,Independent House,Low,18526000.0
Chennai,3888,2,1,1,9,Yes,Yes,1,Unfurnished,Plot,Low,23048000.0
Kurnool,4807,5,3,3,17,Yes,Yes,3,Semi Furnished,Apartment,Medium,28425000.0
Visakhapatnam,883,5,3,3,18,Yes,Yes,3,Fully Furnished,Apartment,High,10758000.0
Kakinada,841,5,3,1,6,Yes,Yes,0,Fully Furnished,Independent House,Medium,8730000.0
Nellore,2487,2,4,3,24,Yes,No,3,Semi Furnished,Apartment,Low,14431000.0
Pune,4559,4,1,4,18,Yes,Yes,2,Unfurnished,Plot,Low,28392000.0
Chennai,3609,2,2,2,23,Yes,Yes,2,Unfurnished,Apartment,Low,28406000.0
Visakhapatnam,4582,5,3,3,14,Yes,Yes,2,Semi Furnished,Villa,High,61304000.0
Guntur,3298,3,4,1,8,Yes,Yes,2,Fully Furnished,Villa,Low,30474000.0
Guntur,3740,1,3,2,9,Yes,Yes,0,Semi Furnished,Apartment,High,29784000.0
Visakhapatnam,2488,5,1,3,22,Yes,Yes,0,Unfurnished,Independent House,Low,18697000.0
Delhi,3914,3,2,2,19,Yes,Yes,0,Unfurnished,Villa,Low,53690000.0
Ongole,2349,4,1,1,19,No,Yes,3,Unfurnished,Plot,Medium,9170000.0
Visakhapatnam,805,5,4,4,3,No,Yes,0,Unfurnished,Independent House,High,10731000.0
Rajahmundry,4113,3,3,4,5,Yes,No,1,Fully Furnished,Apartment,Medium,29162000.0
Chennai,3249,5,1,3,3,Yes,Yes,1,Fully Furnished,Independent House,High,47839000.0
Delhi,1635,2,4,4,4,Yes,Yes,1,Fully Furnished,Independent House,Low,24141000.0
Bengaluru,705,3,3,3,8,Yes,Yes,3,Unfurnished,Independent House,Low,9078000.0
Vijayawada,3950,2,2,2,11,Yes,Yes,3,Unfurnished,Independent House,High,34574000.0
Ongole,4311,2,1,3,22,Yes,Yes,0,Unfurnished,Apartment,Medium,22266000.0
Vijayawada,4122,3,3,3,7,Yes,Yes,2,Semi Furnished,Apartment,High,37860000.0
Pune,4099,1,3,3,20,Yes,Yes,1,Unfurnished,Villa,High,61323000.0
Rajahmundry,3051,3,3,4,4,Yes,Yes,3,Fully Furnished,Villa,High,34801000.0
Guntur,4808,1,3,3,28,Yes,Yes,1,Fully Furnished,Plot,Low,22813000.0
Kakinada,809,5,1,1,10,Yes,Yes,0,Fully Furnished,Plot,High,6717000.0
Kadapa,3208,5,3,3,22,Yes,Yes,3,Semi Furnished,Villa,Low,21788000.0
Mumbai,2491,3,4,2,10,Yes,Yes,2,Fully Furnished,Villa,Medium,57888000.0
Anantapur,771,5,1,1,12,No,Yes,2,Semi Furnished,Independent House,Low,5646000.0
Ongole,4142,4,3,2,13,No,Yes,3,Semi Furnished,Villa,Medium,32462000.0
Visakhapatnam,4586,2,1,2,27,Yes,Yes,2,Semi Furnished,Plot,Medium,26273000.0
Delhi,2322,2,4,2,7,Yes,Yes,0,Unfurnished,Villa,Medium,36681000.0
Hyderabad,3773,1,4,1,24,Yes,Yes,2,Unfurnished,Independent House,Low,33272000.0
Anantapur,4849,5,1,1,30,Yes,Yes,1,Fully Furnished,Plot,High,24756000.0
Tirupati,1020,1,3,4,29,Yes,Yes,1,Fully Furnished,Apartment,Low,6574000.0
Hyderabad,1476,2,3,1,17,Yes,Yes,1,Semi Furnished,Villa,Medium,20758000.0
Guntur,4222,2,4,3,18,Yes,Yes,3,Unfurnished,Apartment,High,30000000.0
Rajahmundry,4051,5,3,2,11,Yes,Yes,3,Fully Furnished,Plot,Low,19691000.0
Chennai,4605,4,4,4,11,No,Yes,3,Fully Furnished,Villa,Medium,69816000.0
Mumbai,3273,4,3,1,17,No,Yes,3,Unfurnished,Apartment,Medium,45090000.0
Chennai,3052,5,4,2,9,Yes,No,3,Semi Furnished,Villa,High,50522000.0
Srikakulam,3332,5,2,1,6,Yes,Yes,0,Fully Furnished,Apartment,Low,19809000.0
Bengaluru,4407,1,3,4,27,Yes,Yes,3,Fully Furnished,Apartment,High,65957000.0
Vijayawada,652,5,3,1,17,No,Yes,2,Unfurnished,Plot,High,4891000.0
Vijayawada,3464,4,3,1,11,No,No,0,Unfurnished,Villa,High,38869000.0
Pune,3416,5,1,2,13,No,No,3,Semi Furnished,Apartment,High,43443000.0
Ongole,3300,1,3,3,14,Yes,Yes,2,Semi Furnished,Villa,Low,23695000.0
Kurnool,2252,1,1,1,15,No,Yes,0,Fully Furnished,Villa,High,21282000.0
Bengaluru,3110,1,1,4,1,Yes,Yes,1,Semi Furnished,Independent House,Medium,40147000.0
Kadapa,4375,1,4,1,29,No,Yes,0,Fully Furnished,Plot,Medium,17338000.0
Nellore,1604,3,1,1,29,No,Yes,3,Fully Furnished,Villa,Medium,14186000.0
Guntur,3036,5,1,3,17,Yes,Yes,0,Unfurnished,Villa,High,29662000.0
Rajahmundry,4699,2,2,2,30,Yes,Yes,0,Fully Furnished,Villa,Medium,41585000.0
Srikakulam,4354,5,3,4,11,No,Yes,1,Unfurnished,Plot,Low,15580000.0
Srikakulam,3994,3,1,2,15,Yes,Yes,0,Fully Furnished,Plot,High,20163000.0
Nellore,2414,1,3,2,12,Yes,Yes,0,Fully Furnished,Villa,High,27009000.0
Anantapur,3572,3,1,2,19,Yes,Yes,1,Fully Furnished,Plot,High,18427000.0
Tirupati,1506,4,4,1,16,Yes,Yes,3,Semi Furnished,Independent House,Low,11992000.0
Kurnool,906,4,2,3,17,Yes,Yes,2,Semi Furnished,Plot,High,6194000.0
Hyderabad,666,5,1,1,2,Yes,Yes,0,Unfurnished,Independent House,High,9733000.0
Bengaluru,1008,5,3,4,22,Yes,Yes,1,Fully Furnished,Independent House,Medium,15278000.0
Visakhapatnam,2161,2,4,3,9,Yes,Yes,0,Unfurnished,Independent House,Medium,18794000.0
Rajahmundry,4164,2,3,2,0,Yes,Yes,3,Unfurnished,Apartment,High,28962000.0
Mumbai,3989,4,4,3,5,Yes,Yes,3,Fully Furnished,Plot,Low,46477000.0
Hyderabad,1180,1,2,4,2,Yes,Yes,1,Semi Furnished,Villa,Medium,17930000.0
Delhi,3024,3,4,1,18,Yes,Yes,2,Semi Furnished,Independent House,High,48937000.0
Ongole,2620,2,3,1,3,Yes,Yes,2,Unfurnished,Villa,Medium,19907000.0
Pune,4857,2,3,2,28,No,Yes,0,Semi Furnished,Independent House,Medium,53633000.0
Nellore,1863,1,1,1,19,Yes,Yes,1,Fully Furnished,Villa,Low,15128000.0
Kakinada,1831,1,4,1,22,No,Yes,2,Fully Furnished,Apartment,High,15011000.0
Srikakulam,2792,5,3,4,2,Yes,Yes,3,Semi Furnished,Independent House,Medium,18508000.0
Guntur,2038,3,1,3,7,No,Yes,2,Semi Furnished,Apartment,High,16814000.0
Guntur,3908,1,2,1,7,Yes,Yes,1,Unfurnished,Apartment,Low,22101000.0
Bengaluru,1060,2,3,4,26,Yes,Yes,3,Semi Furnished,Plot,Low,8594000.0
Vijayawada,1599,2,1,4,28,Yes,Yes,0,Unfurnished,Villa,Medium,13699000.0
Mumbai,2403,4,3,2,6,Yes,Yes,3,Fully Furnished,Independent House,Low,40886000.0
Rajahmundry,674,1,4,4,1,Yes,Yes,2,Fully Furnished,Apartment,Medium,6598000.0
Hyderabad,2656,5,1,2,20,Yes,Yes,2,Fully Furnished,Villa,High,49041000.0
Guntur,2730,3,4,1,5,Yes,Yes,2,Semi Furnished,Plot,Medium,14498000.0
Mumbai,4787,5,2,2,27,No,Yes,0,Semi Furnished,Villa,Medium,96985000.0
Anantapur,4660,2,4,4,15,Yes,Yes,2,Semi Furnished,Villa,Low,31747000.0
Nellore,4420,5,1,3,9,Yes,Yes,1,Unfurnished,Plot,High,22876000.0
Visakhapatnam,1997,2,3,3,3,Yes,Yes,0,Unfurnished,Plot,High,14284000.0
Srikakulam,4354,2,1,1,12,Yes,Yes,3,Unfurnished,Plot,Medium,14628000.0
Mumbai,3671,2,4,1,9,No,Yes,2,Fully Furnished,Apartment,High,74085000.0
Nellore,2067,2,4,3,20,No,Yes,1,Unfurnished,Villa,High,18868000.0
Chennai,1651,2,3,2,13,No,Yes,1,Semi Furnished,Plot,Medium,12142000.0
Nellore,868,4,2,1,8,No,No,0,Semi Furnished,Villa,Medium,8261000.0
Bengaluru,542,5,1,4,10,Yes,Yes,1,Fully Furnished,Villa,High,12612000.0
Pune,2407,4,3,1,22,Yes,Yes,0,Semi Furnished,Apartment,Medium,25803000.0
Chennai,3990,4,3,2,17,Yes,Yes,0,Semi Furnished,Villa,Low,48406000.0
Nellore,3035,1,3,1,10,No,Yes,0,Semi Furnished,Apartment,High,22468000.0
Srikakulam,4673,1,1,4,16,No,Yes,3,Unfurnished,Plot,Medium,14846000.0
Mumbai,3373,1,1,4,1,Yes,Yes,3,Unfurnished,Plot,High,39815000.0
Mumbai,2324,3,1,4,2,Yes,Yes,1,Semi Furnished,Villa,High,56975000.0
Anantapur,1793,1,2,2,10,No,Yes,3,Semi Furnished,Apartment,Low,9460000.0
Tirupati,3886,5,3,2,17,Yes,Yes,0,Semi Furnished,Apartment,Low,26627000.0
Guntur,3472,4,4,4,26,No,Yes,0,Semi Furnished,Independent House,High,29302000.0
Nellore,4422,5,4,4,2,Yes,Yes,3,Unfurnished,Independent House,Low,27974000.0
Ongole,1492,1,3,2,25,Yes,Yes,1,Fully Furnished,Plot,Medium,6759000.0
Nellore,2886,3,4,2,14,Yes,Yes,0,Semi Furnished,Plot,High,16908000.0
Tirupati,2740,3,2,2,10,Yes,Yes,3,Unfurnished,Independent House,Low,18593000.0
Vijayawada,1976,4,2,3,10,Yes,Yes,2,Semi Furnished,Apartment,High,18844000.0
Ongole,3907,5,1,2,30,Yes,Yes,1,Fully Furnished,Villa,High,40460000.0
Guntur,889,2,1,4,27,No,Yes,1,Unfurnished,Villa,Medium,6404000.0
Nellore,1499,5,1,3,29,Yes,Yes,1,Unfurnished,Apartment,Medium,8721000.0
Hyderabad,2355,1,1,2,27,No,No,2,Fully Furnished,Plot,Medium,17980000.0
Tirupati,1158,2,1,4,24,Yes,Yes,0,Fully Furnished,Villa,Low,11854000.0
Mumbai,3263,3,4,1,19,No,Yes,1,Unfurnished,Apartment,Low,40138000.0
Mumbai,4163,4,4,3,27,Yes,Yes,3,Fully Furnished,Villa,Low,86175000.0
Vijayawada,1981,4,1,4,24,Yes,Yes,1,Semi Furnished,Apartment,Medium,14930000.0
Pune,4231,3,2,1,10,Yes,Yes,3,Fully Furnished,Independent House,High,64511000.0
Srikakulam,951,1,4,4,18,Yes,Yes,1,Fully Furnished,Independent House,Medium,7116000.0
Delhi,2975,3,2,2,27,No,Yes,3,Unfurnished,Villa,Low,39920000.0
Visakhapatnam,3722,1,2,2,0,Yes,No,3,Fully Furnished,Villa,Low,42121000.0
Guntur,2037,2,3,1,26,Yes,Yes,3,Unfurnished,Villa,Low,14557000.0
Guntur,3593,3,3,2,4,No,Yes,2,Semi Furnished,Villa,Medium,33433000.0
Kadapa,1382,1,1,4,9,Yes,Yes,2,Fully Furnished,Independent House,Low,8939000.0
Nellore,4908,2,2,1,9,No,Yes,2,Fully Furnished,Independent House,Medium,37306000.0
Srikakulam,4568,3,4,4,13,Yes,Yes,0,Unfurnished,Apartment,High,27141000.0
Visakhapatnam,3066,4,3,4,1,No,Yes,3,Unfurnished,Villa,Medium,33244000.0
Guntur,3777,3,3,4,3,Yes,Yes,0,Fully Furnished,Independent House,Low,29364000.0
Guntur,874,5,2,2,1,No,Yes,2,Unfurnished,Plot,High,6694000.0
Rajahmundry,4197,3,3,2,17,Yes,Yes,3,Fully Furnished,Apartment,Low,26048000.0
Ongole,3562,5,3,4,12,Yes,Yes,0,Semi Furnished,Apartment,High,25838000.0
Kadapa,3750,2,4,3,18,Yes,Yes,2,Fully Furnished,Apartment,Low,20194000.0
Srikakulam,612,3,2,4,4,Yes,Yes,0,Semi Furnished,Plot,Medium,4492000.0
Hyderabad,3697,2,3,4,19,Yes,Yes,0,Semi Furnished,Plot,Low,24495000.0
Srikakulam,2878,2,2,1,1,Yes,Yes,2,Unfurnished,Plot,Medium,10791000.0
Chennai,2424,1,3,4,30,Yes,Yes,3,Unfurnished,Independent House,Medium,22258000.0
Vijayawada,639,2,4,2,10,No,Yes,1,Unfurnished,Plot,High,5139000.0
Delhi,1924,2,2,1,29,Yes,Yes,1,Unfurnished,Apartment,Medium,20783000.0
Visakhapatnam,3449,3,3,3,29,No,Yes,0,Fully Furnished,Villa,Medium,42370000.0
Pune,3668,3,4,1,25,Yes,Yes,0,Semi Furnished,Apartment,Medium,38319000.0
Rajahmundry,1016,4,3,3,17,Yes,Yes,0,Fully Furnished,Apartment,High,10059000.0
Ongole,3116,1,2,1,29,No,Yes,3,Semi Furnished,Independent House,Low,16463000.0
Vijayawada,1387,2,3,1,5,No,Yes,0,Semi Furnished,Apartment,Low,10140000.0
Kakinada,3604,1,2,3,22,Yes,Yes,0,Semi Furnished,Independent House,Medium,24658000.0
Anantapur,549,5,2,2,27,Yes,Yes,0,Fully Furnished,Independent House,Medium,3956000.0
Tirupati,4451,2,3,2,9,Yes,Yes,2,Unfurnished,Villa,Low,36172000.0
Delhi,4060,1,4,2,21,Yes,Yes,1,Fully Furnished,Apartment,Medium,56311000.0
Hyderabad,518,4,1,1,22,Yes,Yes,1,Semi Furnished,Villa,Low,6348000.0
Kadapa,1973,4,4,4,16,Yes,Yes,2,Fully Furnished,Villa,High,20648000.0
Tirupati,4561,2,4,1,21,Yes,Yes,3,Semi Furnished,Apartment,Medium,32989000.0
Tirupati,3106,5,3,4,10,Yes,Yes,3,Unfurnished,Apartment,Medium,22521000.0
Ongole,951,4,4,4,18,No,Yes,3,Unfurnished,Plot,Low,5099000.0
Nellore,4265,4,4,2,16,No,Yes,2,Fully Furnished,Plot,Low,21374000.0
Kakinada,2938,5,1,4,23,Yes,Yes,1,Unfurnished,Independent House,High,22152000.0
Visakhapatnam,4810,1,4,1,3,Yes,Yes,1,Semi Furnished,Apartment,Medium,40295000.0
Pune,2049,4,1,1,25,Yes,Yes,0,Semi Furnished,Independent House,Low,20982000.0
Visakhapatnam,3974,3,3,2,23,No,Yes,1,Unfurnished,Villa,High,46531000.0
Mumbai,627,4,1,3,25,Yes,Yes,3,Unfurnished,Villa,Low,10836000.0
Tirupati,3261,1,2,1,13,Yes,Yes,3,Unfurnished,Plot,Low,14060000.0
Delhi,4956,1,2,4,26,Yes,Yes,0,Fully Furnished,Independent House,High,86910000.0
Pune,1915,2,1,1,19,Yes,Yes,0,Fully Furnished,Apartment,High,26158000.0
Anantapur,701,3,2,1,3,Yes,Yes,1,Semi Furnished,Apartment,High,6076000.0
Nellore,2869,1,3,1,27,No,Yes,0,Fully Furnished,Plot,High,15994000.0
Srikakulam,1017,5,2,3,13,Yes,Yes,0,Fully Furnished,Plot,High,6871000.0
Pune,1841,3,1,4,25,Yes,Yes,2,Semi Furnished,Independent House,High,24350000.0
Hyderabad,2488,3,3,2,3,Yes,Yes,1,Semi Furnished,Plot,Medium,20207000.0
Visakhapatnam,4045,5,2,1,5,Yes,Yes,3,Unfurnished,Plot,High,27425000.0
Kakinada,4302,4,3,4,29,Yes,Yes,2,Unfurnished,Plot,Medium,18489000.0
Pune,3775,5,1,4,8,Yes,Yes,3,Fully Furnished,Villa,Low,56000000.0
Pune,4154,5,2,2,20,Yes,Yes,0,Semi Furnished,Independent House,Low,43018000.0
Mumbai,2934,4,3,1,11,No,Yes,0,Fully Furnished,Apartment,High,58951000.0
Hyderabad,707,4,3,3,28,No,Yes,3,Fully Furnished,Apartment,Low,6862000.0
Pune,3133,4,2,4,25,Yes,Yes,2,Semi Furnished,Independent House,High,42123000.0
Tirupati,4617,4,3,2,29,No,Yes,2,Semi Furnished,Plot,High,28209000.0
Srikakulam,653,4,3,3,30,No,Yes,2,Semi Furnished,Plot,Medium,2719000.0
Kakinada,3866,5,1,4,7,Yes,Yes,0,Semi Furnished,Apartment,Low,24760000.0
Srikakulam,4814,2,1,1,23,Yes,Yes,1,Fully Furnished,Villa,High,42871000.0
Kakinada,2018,2,1,4,3,Yes,Yes,0,Fully Furnished,Independent House,Low,14950000.0
Anantapur,3100,1,1,3,30,Yes,Yes,3,Fully Furnished,Plot,Medium,12054000.0
Chennai,2695,2,1,3,26,No,Yes,2,Semi Furnished,Villa,Low,31960000.0
Bengaluru,4998,2,1,1,25,Yes,Yes,1,Unfurnished,Villa,Medium,68921000.0
Mumbai,4054,5,2,1,24,Yes,Yes,2,Fully Furnished,Plot,Medium,49784000.0
Nellore,2914,4,1,2,24,Yes,Yes,0,Unfurnished,Independent House,Medium,17419000.0
Visakhapatnam,3349,4,3,1,4,Yes,Yes,1,Unfurnished,Independent House,High,33538000.0
Srikakulam,2242,5,2,2,5,Yes,Yes,1,Unfurnished,Apartment,High,15162000.0
Tirupati,1806,2,3,3,4,Yes,Yes,0,Semi Furnished,Apartment,Low,13495000.0
Mumbai,4349,5,1,3,18,Yes,Yes,2,Semi Furnished,Independent House,High,84015000.0
Anantapur,4668,1,1,4,26,No,Yes,2,Fully Furnished,Plot,High,23179000.0
Hyderabad,4695,4,3,4,7,No,Yes,2,Fully Furnished,Independent House,Low,53113000.0
Ongole,3055,3,3,2,8,No,Yes,0,Semi Furnished,Apartment,Medium,18543000.0
Anantapur,2805,1,3,1,14,No,No,3,Semi Furnished,Apartment,Medium,14929000.0
Chennai,1588,1,4,1,3,No,Yes,3,Unfurnished,Apartment,Low,14492000.0
Nellore,3142,5,4,4,24,Yes,No,2,Semi Furnished,Independent House,High,26049000.0
Visakhapatnam,1677,2,4,3,8,Yes,Yes,1,Semi Furnished,Independent House,Low,14414000.0
Kadapa,3494,4,4,2,6,Yes,Yes,3,Semi Furnished,Plot,Low,14281000.0
Kadapa,1059,3,2,3,7,Yes,Yes,2,Semi Furnished,Apartment,High,8163000.0
Delhi,3464,1,1,3,14,Yes,Yes,3,Unfurnished,Villa,Low,47107000.0
Bengaluru,1771,3,3,1,18,No,Yes,2,Fully Furnished,Villa,High,36587000.0
Srikakulam,2313,2,1,2,14,Yes,Yes,3,Unfurnished,Plot,High,9886000.0
Kakinada,3415,2,3,3,4,Yes,Yes,3,Semi Furnished,Plot,Low,16087000.0
Ongole,1109,3,1,4,18,Yes,Yes,1,Semi Furnished,Apartment,Medium,6750000.0
Srikakulam,2961,4,2,4,6,Yes,Yes,1,Fully Furnished,Independent House,High,23734000.0
Pune,4620,2,4,1,5,No,Yes,3,Fully Furnished,Independent House,Medium,59974000.0
Kurnool,783,3,1,4,26,Yes,Yes,2,Fully Furnished,Villa,High,7498000.0
Anantapur,3428,1,3,4,18,Yes,Yes,1,Unfurnished,Apartment,Medium,16258000.0
Chennai,4896,3,1,3,24,Yes,Yes,0,Fully Furnished,Villa,Low,64638000.0
Hyderabad,1591,3,2,4,27,No,Yes,1,Semi Furnished,Villa,High,25617000.0
Rajahmundry,1316,5,2,4,16,Yes,Yes,3,Semi Furnished,Apartment,Low,8995000.0
Ongole,582,2,1,3,9,Yes,Yes,3,Semi Furnished,Plot,Low,3743000.0
Kakinada,2420,4,4,1,18,No,Yes,0,Unfurnished,Villa,Low,18033000.0
Delhi,3991,4,3,1,30,Yes,Yes,1,Fully Furnished,Plot,High,46736000.0
Vijayawada,3644,5,2,2,30,Yes,Yes,3,Fully Furnished,Independent House,Low,30608000.0
Nellore,2593,4,2,4,30,Yes,Yes,0,Fully Furnished,Villa,Low,21515000.0
Nellore,675,3,1,3,10,No,Yes,0,Fully Furnished,Apartment,High,5782000.0
Kurnool,3204,5,2,2,14,Yes,Yes,2,Semi Furnished,Plot,Low,13371000.0
Rajahmundry,869,1,2,1,9,Yes,Yes,1,Unfurnished,Independent House,High,6296000.0
Mumbai,2318,2,3,1,10,Yes,Yes,1,Fully Furnished,Independent House,Low,38826000.0
Hyderabad,2601,2,4,3,22,Yes,Yes,1,Semi Furnished,Villa,Medium,35532000.0
Guntur,3990,2,3,2,2,Yes,Yes,3,Semi Furnished,Independent House,Low,27370000.0
Pune,2279,3,4,2,29,Yes,Yes,0,Unfurnished,Apartment,Medium,21531000.0
Anantapur,1864,1,3,3,2,Yes,Yes,2,Fully Furnished,Villa,High,19777000.0
Hyderabad,4962,5,1,3,17,Yes,Yes,1,Unfurnished,Independent House,Medium,49474000.0
Tirupati,3842,5,2,2,24,Yes,Yes,2,Fully Furnished,Apartment,High,36711000.0
Tirupati,4176,2,4,1,10,Yes,Yes,2,Unfurnished,Plot,Low,19023000.0
Kurnool,2926,1,1,4,19,Yes,Yes,0,Fully Furnished,Plot,Medium,12624000.0
Srikakulam,572,1,2,1,25,Yes,Yes,1,Fully Furnished,Villa,Low,2922000.0
Anantapur,3462,1,2,3,28,Yes,Yes,2,Unfurnished,Apartment,Medium,15806000.0
Ongole,1359,4,2,2,21,No,Yes,1,Fully Furnished,Independent House,High,11486000.0
Anantapur,4356,4,3,2,17,Yes,Yes,1,Unfurnished,Villa,High,34728000.0
Visakhapatnam,4638,2,1,4,24,Yes,Yes,1,Unfurnished,Villa,High,53918000.0
Hyderabad,2924,1,1,2,14,Yes,Yes,2,Fully Furnished,Independent House,High,42522000.0
Hyderabad,1564,1,2,4,6,Yes,Yes,0,Fully Furnished,Apartment,Low,16933000.0
Delhi,2717,5,4,1,9,No,Yes,0,Unfurnished,Independent House,Low,31862000.0
Rajahmundry,4517,5,1,1,20,Yes,Yes,2,Semi Furnished,Plot,Low,18579000.0
Kakinada,2759,2,3,2,22,Yes,Yes,3,Unfurnished,Villa,Low,19884000.0
Anantapur,4251,1,4,2,29,Yes,Yes,1,Semi Furnished,Plot,Low,13725000.0
Guntur,2586,2,4,3,19,Yes,Yes,1,Semi Furnished,Villa,High,27541000.0
Visakhapatnam,868,5,4,3,28,Yes,Yes,0,Unfurnished,Independent House,Low,7773000.0
Hyderabad,3304,5,4,2,9,Yes,Yes,2,Unfurnished,Apartment,Low,29213000.0
Pune,650,4,1,2,12,No,Yes,2,Unfurnished,Independent House,Low,7651000.0
Guntur,1634,2,2,1,14,No,Yes,3,Semi Furnished,Plot,High,10095000.0
Kurnool,3284,2,4,2,22,Yes,Yes,3,Unfurnished,Apartment,High,20135000.0
Kurnool,4664,1,3,3,17,Yes,Yes,0,Unfurnished,Apartment,High,27175000.0
Srikakulam,2846,1,3,1,22,No,No,3,Fully Furnished,Villa,High,25208000.0
Hyderabad,2750,4,2,4,30,Yes,Yes,3,Fully Furnished,Apartment,Low,28535000.0
Hyderabad,560,3,1,3,3,Yes,Yes,2,Fully Furnished,Villa,Low,9154000.0
Bengaluru,3510,3,2,3,19,No,Yes,2,Unfurnished,Apartment,Medium,36670000.0
Mumbai,4401,3,4,1,16,Yes,Yes,3,Unfurnished,Apartment,Low,54712000.0
Kadapa,1837,2,1,4,27,Yes,Yes,0,Unfurnished,Villa,High,12846000.0
Nellore,1684,2,1,3,2,Yes,Yes,3,Semi Furnished,Apartment,High,13659000.0
Tirupati,4926,5,4,2,20,Yes,Yes,0,Semi Furnished,Independent House,Low,36285000.0
Visakhapatnam,2051,2,3,3,20,No,Yes,3,Fully Furnished,Apartment,Medium,19346000.0
Delhi,4933,2,4,1,1,Yes,Yes,2,Semi Furnished,Plot,High,53982000.0
Bengaluru,2129,2,2,1,3,No,Yes,2,Semi Furnished,Villa,Medium,34056000.0
Kakinada,1827,4,4,1,0,Yes,Yes,0,Semi Furnished,Villa,High,21316000.0
Pune,2026,2,3,3,14,Yes,Yes,3,Fully Furnished,Independent House,High,30642000.0
Chennai,2173,1,4,4,24,Yes,Yes,3,Fully Furnished,Plot,Low,16147000.0
Bengaluru,1861,1,2,2,0,Yes,Yes,0,Semi Furnished,Apartment,High,26496000.0
Guntur,2073,5,2,1,5,Yes,Yes,3,Unfurnished,Independent House,Medium,16001000.0
Visakhapatnam,3186,4,3,4,6,Yes,Yes,1,Fully Furnished,Apartment,Medium,31374000.0
Mumbai,4870,1,2,2,18,No,Yes,2,Semi Furnished,Independent House,Low,70570000.0
Kadapa,2866,4,2,1,11,No,Yes,2,Unfurnished,Villa,High,22809000.0
Srikakulam,4257,4,4,2,30,Yes,Yes,0,Unfurnished,Plot,Medium,14637000.0
Ongole,2934,5,1,2,0,Yes,Yes,3,Fully Furnished,Villa,Low,26355000.0
Mumbai,2493,4,2,4,6,No,Yes,0,Unfurnished,Independent House,Medium,38045000.0
Rajahmundry,1369,2,2,2,18,Yes,Yes,1,Fully Furnished,Apartment,Low,8400000.0
Kurnool,1514,4,3,1,12,Yes,Yes,3,Semi Furnished,Plot,Medium,7777000.0
Srikakulam,2411,5,3,4,25,No,Yes,1,Fully Furnished,Apartment,High,16876000.0
Rajahmundry,1102,5,4,3,11,Yes,Yes,0,Unfurnished,Villa,Medium,11403000.0
Tirupati,4321,5,4,3,11,Yes,Yes,2,Fully Furnished,Apartment,Medium,36684000.0
Rajahmundry,1190,1,2,4,21,Yes,Yes,1,Fully Furnished,Independent House,Low,8577000.0
Delhi,993,2,1,3,12,Yes,Yes,3,Semi Furnished,Plot,Low,9050000.0
Nellore,989,1,1,2,27,Yes,Yes,0,Unfurnished,Plot,Low,2293000.0
Kakinada,3056,3,4,1,13,Yes,Yes,0,Fully Furnished,Plot,Medium,16755000.0
Tirupati,4985,2,3,2,21,No,Yes,0,Semi Furnished,Independent House,Low,34531000.0
Pune,794,4,2,4,29,Yes,Yes,2,Semi Furnished,Apartment,High,9867000.0
Kakinada,4527,5,2,1,11,Yes,Yes,0,Semi Furnished,Plot,Low,20899000.0
Guntur,3343,3,1,4,19,Yes,Yes,0,Semi Furnished,Villa,Low,27042000.0
Hyderabad,3412,2,4,4,11,No,Yes,2,Semi Furnished,Villa,High,56836000.0
Mumbai,2217,1,1,4,26,No,Yes,0,Fully Furnished,Villa,Low,43841000.0
Hyderabad,3096,5,1,2,5,No,Yes,0,Fully Furnished,Villa,Low,44386000.0
Chennai,2373,1,4,1,26,Yes,Yes,1,Unfurnished,Villa,Medium,27657000.0
Visakhapatnam,3758,2,3,1,9,No,Yes,0,Fully Furnished,Independent House,Medium,37663000.0
Kurnool,3317,2,2,1,19,Yes,Yes,2,Unfurnished,Apartment,Low,14644000.0
Delhi,944,3,3,2,30,Yes,Yes,1,Unfurnished,Independent House,High,13413000.0
Nellore,4141,4,4,3,28,Yes,Yes,0,Unfurnished,Villa,Low,28671000.0
Bengaluru,4958,1,4,2,23,Yes,Yes,2,Fully Furnished,Villa,Low,76799000.0
Vijayawada,1241,3,2,2,8,No,Yes,3,Semi Furnished,Plot,Low,7657000.0
Ongole,2541,5,3,4,1,Yes,Yes,0,Unfurnished,Plot,Medium,12514000.0
Delhi,1179,4,2,1,6,Yes,Yes,3,Semi Furnished,Apartment,High,19317000.0
Hyderabad,2967,3,1,1,8,Yes,Yes,1,Unfurnished,Apartment,High,33198000.0
Nellore,4197,1,1,3,24,Yes,Yes,2,Fully Furnished,Apartment,High,33951000.0
Guntur,1858,2,1,3,11,Yes,Yes,1,Unfurnished,Independent House,Medium,13044000.0
Guntur,562,5,3,4,4,Yes,Yes,3,Fully Furnished,Plot,Medium,5827000.0
Delhi,3059,1,1,1,0,Yes,No,3,Semi Furnished,Apartment,Low,34934000.0
Bengaluru,4269,4,2,3,21,Yes,Yes,3,Fully Furnished,Plot,Medium,39776000.0
Pune,4851,4,3,3,14,No,Yes,2,Semi Furnished,Plot,Low,34015000.0
Kadapa,634,2,2,1,7,No,Yes,3,Fully Furnished,Plot,Medium,3631000.0
Pune,4144,2,4,2,0,No,Yes,3,Unfurnished,Plot,Low,27627000.0
Hyderabad,2635,5,3,3,17,No,Yes,2,Unfurnished,Plot,Medium,19240000.0
Guntur,3778,5,2,1,12,Yes,Yes,3,Fully Furnished,Plot,High,25169000.0
Vijayawada,1322,2,2,3,28,No,Yes,0,Semi Furnished,Independent House,Low,8946000.0
Kakinada,3574,2,3,4,0,Yes,No,3,Semi Furnished,Villa,Medium,33662000.0
Visakhapatnam,3481,4,4,3,4,No,Yes,2,Semi Furnished,Plot,Medium,22905000.0
Guntur,620,2,3,1,17,Yes,Yes,3,Fully Furnished,Independent House,Low,4979000.0
Mumbai,2137,3,1,3,15,No,Yes,2,Fully Furnished,Apartment,Medium,36415000.0
Kurnool,1424,1,1,4,30,Yes,Yes,3,Fully Furnished,Independent House,High,9673000.0
Pune,1144,2,4,4,25,Yes,Yes,0,Fully Furnished,Independent House,Low,13411000.0
Nellore,2532,5,2,3,9,Yes,Yes,2,Semi Furnished,Independent House,Low,17126000.0
Nellore,3261,3,2,3,29,Yes,Yes,2,Semi Furnished,Plot,Low,13175000.0
Kurnool,2568,5,2,4,3,No,Yes,2,Fully Furnished,Apartment,Low,16911000.0
Visakhapatnam,741,3,3,4,0,Yes,Yes,2,Fully Furnished,Independent House,Low,9206000.0
Nellore,3168,2,3,2,22,Yes,Yes,3,Semi Furnished,Apartment,High,23101000.0
Nellore,1302,1,4,2,7,No,Yes,3,Semi Furnished,Independent House,Low,9364000.0
Ongole,4664,5,1,4,4,Yes,Yes,0,Unfurnished,Plot,High,23056000.0
Ongole,695,3,2,3,1,Yes,Yes,0,Fully Furnished,Independent House,High,7685000.0
Pune,2687,4,1,1,23,Yes,Yes,3,Unfurnished,Independent House,High,33031000.0
Chennai,4015,2,3,3,16,Yes,Yes,1,Semi Furnished,Apartment,Low,36064000.0
Kakinada,2830,1,3,3,30,No,Yes,2,Semi Furnished,Apartment,High,20327000.0
Chennai,2859,2,3,2,6,No,Yes,3,Fully Furnished,Apartment,Low,29669000.0
Guntur,4106,4,1,2,16,No,Yes,0,Unfurnished,Villa,High,38576000.0
Hyderabad,776,1,4,2,27,Yes,Yes,2,Semi Furnished,Apartment,Low,6399000.0
Hyderabad,560,4,4,4,5,Yes,Yes,0,Unfurnished,Independent House,Medium,8133000.0
Tirupati,3890,2,3,4,28,Yes,Yes,1,Unfurnished,Villa,Medium,33875000.0
Guntur,2413,3,2,3,21,No,Yes,2,Unfurnished,Apartment,High,16329000.0
Pune,4427,2,1,3,14,Yes,Yes,1,Unfurnished,Plot,Medium,29810000.0
Rajahmundry,3091,2,3,1,4,Yes,Yes,1,Unfurnished,Apartment,High,21078000.0
Vijayawada,1066,2,1,3,14,Yes,Yes,1,Fully Furnished,Plot,High,7454000.0
Rajahmundry,4435,5,1,3,17,Yes,Yes,3,Fully Furnished,Villa,High,48302000.0
Anantapur,2071,4,4,2,17,No,Yes,0,Unfurnished,Plot,Medium,8646000.0
Vijayawada,1700,4,3,2,24,Yes,Yes,2,Fully Furnished,Villa,High,23299000.0
Visakhapatnam,4909,4,4,2,20,Yes,Yes,3,Semi Furnished,Plot,Medium,29912000.0
Delhi,3354,5,3,2,20,Yes,Yes,0,Unfurnished,Apartment,Medium,38619000.0
Srikakulam,3395,3,1,2,22,No,Yes,3,Fully Furnished,Villa,Low,23423000.0
Guntur,1736,2,4,1,5,Yes,Yes,0,Fully Furnished,Independent House,Medium,15777000.0
Srikakulam,636,3,1,1,1,Yes,Yes,2,Semi Furnished,Independent House,Low,4391000.0
Nellore,1529,5,3,1,26,Yes,Yes,2,Semi Furnished,Independent House,High,12538000.0
Pune,2656,4,2,2,16,Yes,No,2,Semi Furnished,Apartment,High,33535000.0
Mumbai,3094,2,4,4,20,No,Yes,2,Semi Furnished,Independent House,Low,45777000.0
Bengaluru,1161,1,4,2,3,Yes,Yes,0,Unfurnished,Villa,High,21616000.0
Bengaluru,2972,1,1,2,11,No,Yes,3,Fully Furnished,Independent House,Low,37258000.0
Nellore,3177,3,1,1,18,Yes,Yes,2,Fully Furnished,Villa,Low,26953000.0
Chennai,2808,4,2,2,1,No,Yes,2,Semi Furnished,Independent House,High,36816000.0
Vijayawada,586,1,4,1,25,No,Yes,2,Fully Furnished,Plot,Low,2231000.0
Kadapa,3012,3,3,2,1,Yes,Yes,1,Fully Furnished,Villa,Low,24029000.0
Anantapur,3442,5,3,3,13,Yes,Yes,2,Fully Furnished,Independent House,Low,21934000.0
Kurnool,3273,3,4,4,14,Yes,No,2,Semi Furnished,Independent House,High,24641000.0
Vijayawada,3004,3,4,4,19,Yes,Yes,0,Fully Furnished,Independent House,High,33801000.0
Kurnool,3810,3,4,1,1,Yes,Yes,1,Fully Furnished,Villa,High,39487000.0
Delhi,2200,2,2,3,3,Yes,Yes,0,Fully Furnished,Villa,High,50210000.0
Vijayawada,4170,3,3,4,18,No,Yes,3,Unfurnished,Independent House,High,36495000.0
Delhi,3200,3,3,1,8,Yes,Yes,1,Unfurnished,Plot,Medium,27832000.0
Bengaluru,4129,2,1,2,6,No,Yes,0,Fully Furnished,Villa,Medium,71436000.0
Vijayawada,2147,2,1,2,29,Yes,Yes,0,Fully Furnished,Villa,Low,21003000.0
Kurnool,3818,5,4,3,12,Yes,Yes,3,Fully Furnished,Plot,Medium,19058000.0
Guntur,4187,4,1,4,26,No,Yes,3,Fully Furnished,Apartment,High,36702000.0
Bengaluru,1096,1,2,2,30,Yes,Yes,2,Fully Furnished,Plot,High,11125000.0
Ongole,984,1,3,1,11,Yes,Yes,2,Fully Furnished,Independent House,High,8619000.0
Pune,1145,3,3,2,2,No,Yes,1,Unfurnished,Villa,Low,15219000.0
Nellore,3589,5,1,2,12,No,Yes,1,Semi Furnished,Villa,Low,28622000.0
Tirupati,4884,3,4,4,14,Yes,Yes,3,Fully Furnished,Villa,Low,49493000.0
Ongole,1220,1,1,4,13,Yes,Yes,1,Fully Furnished,Villa,Low,9720000.0
Pune,998,2,4,1,23,Yes,Yes,2,Fully Furnished,Apartment,Low,10728000.0
Ongole,2173,4,2,3,8,Yes,No,3,Semi Furnished,Villa,Low,17230000.0
Pune,3567,5,3,3,12,Yes,Yes,0,Fully Furnished,Villa,Medium,58240000.0
Nellore,614,2,2,2,22,Yes,No,3,Fully Furnished,Apartment,High,5173000.0
Vijayawada,3479,4,3,1,21,Yes,Yes,1,Semi Furnished,Independent House,Medium,28559000.0
Kurnool,2236,5,2,3,3,No,Yes,2,Fully Furnished,Independent House,Low,15862000.0
Vijayawada,4111,5,1,3,20,No,Yes,2,Semi Furnished,Apartment,High,36985000.0
Hyderabad,2753,1,2,2,7,Yes,Yes,0,Semi Furnished,Independent House,High,36322000.0
Kadapa,2794,2,2,1,2,Yes,Yes,0,Fully Furnished,Independent House,High,21693000.0
Kadapa,4130,5,1,3,1,Yes,Yes,3,Unfurnished,Plot,Medium,16890000.0
Mumbai,646,5,3,4,18,Yes,No,2,Unfurnished,Plot,High,9468000.0
Kadapa,4482,4,3,4,27,Yes,Yes,0,Fully Furnished,Plot,Low,17482000.0
Bengaluru,3953,1,1,2,22,Yes,Yes,0,Semi Furnished,Apartment,Low,39705000.0
Mumbai,2910,3,2,2,7,Yes,Yes,3,Semi Furnished,Villa,Medium,60435000.0
Kadapa,636,1,2,2,16,No,Yes,3,Semi Furnished,Apartment,Medium,3379000.0
Mumbai,3860,3,2,2,12,No,Yes,2,Fully Furnished,Apartment,Low,59024000.0
Rajahmundry,3505,2,4,3,6,No,Yes,1,Unfurnished,Apartment,Medium,20526000.0
Tirupati,4052,2,3,1,8,Yes,Yes,1,Semi Furnished,Apartment,High,35332000.0
Rajahmundry,518,5,2,2,11,Yes,Yes,2,Semi Furnished,Plot,Medium,4218000.0
Tirupati,2742,2,3,2,28,Yes,Yes,1,Fully Furnished,Apartment,High,25419000.0
Visakhapatnam,948,5,2,3,13,No,Yes,2,Unfurnished,Plot,High,7216000.0
Visakhapatnam,2448,1,1,2,13,Yes,Yes,2,Unfurnished,Villa,High,28209000.0
Delhi,1445,2,1,2,14,Yes,Yes,0,Fully Furnished,Independent House,High,25779000.0
Nellore,4736,1,3,1,2,Yes,Yes,1,Unfurnished,Plot,High,24063000.0
Delhi,2420,1,3,4,14,Yes,Yes,2,Fully Furnished,Apartment,Low,31540000.0
Ongole,3477,2,1,2,18,Yes,Yes,1,Semi Furnished,Villa,Low,24569000.0
Kurnool,4688,1,4,3,23,Yes,Yes,1,Fully Furnished,Apartment,Low,26515000.0
Guntur,4515,2,1,1,19,Yes,Yes,3,Semi Furnished,Villa,High,46841000.0
Nellore,738,2,2,3,13,Yes,Yes,1,Fully Furnished,Independent House,Medium,6394000.0
Kakinada,704,2,4,1,7,Yes,Yes,2,Semi Furnished,Villa,Medium,7518000.0
Srikakulam,3107,3,1,1,4,Yes,Yes,0,Semi Furnished,Villa,High,26188000.0
Chennai,4840,1,4,2,29,No,Yes,1,Fully Furnished,Independent House,Medium,56328000.0
Vijayawada,3888,4,4,2,18,Yes,Yes,2,Semi Furnished,Independent House,High,38315000.0
Pune,3472,2,4,2,30,Yes,No,3,Unfurnished,Villa,Medium,43630000.0
Chennai,4890,1,3,4,3,Yes,Yes,1,Fully Furnished,Apartment,High,63896000.0
Hyderabad,3187,5,1,4,13,No,Yes,0,Unfurnished,Plot,Medium,22380000.0
Kakinada,4666,2,3,3,15,Yes,Yes,1,Semi Furnished,Apartment,Medium,30270000.0
Bengaluru,1848,2,3,2,19,Yes,Yes,2,Semi Furnished,Plot,Low,13652000.0
Bengaluru,4900,4,2,4,23,Yes,Yes,1,Semi Furnished,Independent House,Medium,61209000.0
Kadapa,1316,3,2,2,5,Yes,Yes,1,Fully Furnished,Apartment,Medium,9791000.0
Mumbai,1320,3,4,4,22,Yes,Yes,3,Semi Furnished,Independent House,High,26319000.0
Pune,692,2,4,4,24,Yes,Yes,1,Unfurnished,Villa,Medium,8963000.0
Tirupati,2276,1,2,1,30,No,Yes,0,Unfurnished,Villa,Medium,18394000.0
Guntur,4145,5,2,2,5,No,Yes,1,Fully Furnished,Apartment,Medium,32146000.0
Rajahmundry,750,5,1,2,2,No,Yes,3,Unfurnished,Independent House,Medium,6764000.0
Pune,2288,1,4,4,14,Yes,Yes,2,Fully Furnished,Apartment,Medium,28243000.0
Visakhapatnam,4200,2,4,2,28,No,Yes,1,Fully Furnished,Apartment,Low,34149000.0
Bengaluru,2963,5,2,4,2,Yes,Yes,1,Semi Furnished,Plot,Medium,27251000.0
Bengaluru,1667,3,1,2,10,Yes,Yes,3,Unfurnished,Villa,High,28379000.0
Chennai,4393,1,2,1,2,No,Yes,3,Unfurnished,Apartment,High,46693000.0
Chennai,1596,4,2,2,27,Yes,Yes,3,Unfurnished,Villa,Medium,19360000.0
Vijayawada,3179,2,3,1,9,Yes,Yes,1,Semi Furnished,Plot,Medium,17925000.0
Hyderabad,2347,1,4,3,17,Yes,Yes,0,Fully Furnished,Independent House,Medium,29555000.0
Chennai,4404,5,1,2,0,Yes,Yes,3,Unfurnished,Apartment,Low,37510000.0
Anantapur,1004,2,3,2,15,No,Yes,2,Unfurnished,Villa,High,8241000.0
Visakhapatnam,2121,3,4,2,15,Yes,Yes,1,Unfurnished,Apartment,Low,15634000.0
Bengaluru,2972,2,2,1,26,Yes,Yes,2,Unfurnished,Independent House,Low,29054000.0
Chennai,3046,2,1,2,9,Yes,No,2,Semi Furnished,Apartment,Medium,30837000.0
Kadapa,1887,3,4,2,0,No,Yes,0,Fully Furnished,Apartment,Medium,13363000.0
Bengaluru,3494,3,2,4,3,Yes,Yes,2,Unfurnished,Villa,High,59326000.0
Hyderabad,4316,2,3,3,2,Yes,Yes,3,Unfurnished,Independent House,Medium,44622000.0
Delhi,1217,3,1,1,4,No,Yes,3,Fully Furnished,Plot,High,15893000.0
Kurnool,3984,1,4,4,11,Yes,Yes,1,Semi Furnished,Independent House,Low,22881000.0
Visakhapatnam,4934,3,3,1,24,Yes,Yes,0,Semi Furnished,Independent House,High,51567000.0
Bengaluru,1158,3,2,4,11,No,Yes,0,Semi Furnished,Plot,High,12679000.0
Nellore,4508,2,2,3,12,Yes,Yes,2,Semi Furnished,Apartment,High,33600000.0
Ongole,4734,1,4,4,23,No,Yes,0,Unfurnished,Villa,Low,29979000.0
Anantapur,4264,4,2,1,11,Yes,Yes,2,Fully Furnished,Apartment,Low,23894000.0
Pune,3489,4,1,2,24,No,Yes,2,Fully Furnished,Apartment,Medium,40449000.0
Anantapur,2604,5,4,2,15,No,Yes,0,Fully Furnished,Plot,Medium,12884000.0
Srikakulam,1755,3,3,3,12,Yes,Yes,1,Semi Furnished,Plot,High,8681000.0
Pune,2982,3,4,1,4,Yes,Yes,2,Semi Furnished,Apartment,High,39053000.0
Hyderabad,883,1,4,1,23,No,Yes,3,Fully Furnished,Independent House,Low,9744000.0
Tirupati,3107,4,3,1,3,Yes,Yes,3,Unfurnished,Villa,Low,26693000.0
Ongole,693,5,2,3,20,Yes,No,0,Semi Furnished,Independent House,Low,5075000.0
Visakhapatnam,4307,1,3,2,14,Yes,No,0,Unfurnished,Apartment,High,37787000.0
Kakinada,4219,3,1,4,11,No,Yes,2,Fully Furnished,Apartment,High,35931000.0
Hyderabad,3081,4,2,3,18,No,Yes,2,Semi Furnished,Villa,Low,38716000.0
Delhi,3065,5,4,4,20,Yes,Yes,3,Unfurnished,Independent House,High,45626000.0
Bengaluru,3263,2,2,2,27,Yes,Yes,2,Semi Furnished,Apartment,Low,32644000.0
Tirupati,3298,4,2,3,18,No,Yes,3,Fully Furnished,Apartment,Medium,27032000.0
Bengaluru,2839,5,1,2,20,No,Yes,2,Fully Furnished,Plot,Low,23937000.0
Vijayawada,3906,1,2,4,10,Yes,Yes,1,Fully Furnished,Villa,High,52907000.0
Bengaluru,1231,2,2,1,29,No,Yes,1,Unfurnished,Plot,High,9354000.0
Rajahmundry,3372,5,2,1,20,No,Yes,3,Semi Furnished,Plot,High,18296000.0
Rajahmundry,3620,5,4,4,5,Yes,Yes,1,Semi Furnished,Plot,High,21771000.0
Pune,4677,3,2,1,8,No,Yes,1,Semi Furnished,Apartment,Low,45058000.0
Srikakulam,3104,4,3,4,0,Yes,Yes,0,Fully Furnished,Independent House,Low,20553000.0
Ongole,2882,3,2,3,11,Yes,Yes,2,Unfurnished,Plot,Medium,12378000.0
Kakinada,1031,2,1,3,25,Yes,Yes,0,Fully Furnished,Independent House,Low,6659000.0
Nellore,4816,5,2,3,13,No,Yes,3,Fully Furnished,Apartment,Medium,34719000.0
Kurnool,1134,3,2,1,5,No,Yes,0,Unfurnished,Plot,Low,5379000.0
Vijayawada,2269,4,4,2,0,Yes,Yes,3,Fully Furnished,Apartment,Low,20830000.0
Hyderabad,4304,2,3,1,21,Yes,Yes,1,Fully Furnished,Plot,High,41277000.0
Kurnool,2870,1,2,1,1,Yes,Yes,0,Semi Furnished,Plot,Medium,12364000.0
Nellore,502,3,3,2,23,No,Yes,1,Unfurnished,Apartment,High,3726000.0
Guntur,705,2,1,2,10,No,Yes,2,Unfurnished,Villa,High,6523000.0
Kurnool,4635,1,4,2,2,Yes,Yes,1,Semi Furnished,Villa,Low,33114000.0
Kurnool,3121,3,3,2,9,Yes,Yes,2,Unfurnished,Independent House,Low,17389000.0
Mumbai,3390,2,4,1,29,Yes,Yes,1,Semi Furnished,Independent House,Medium,54262000.0
Tirupati,3693,2,2,4,5,Yes,Yes,0,Fully Furnished,Apartment,Medium,31238000.0
Kadapa,3166,3,1,3,5,Yes,Yes,0,Unfurnished,Apartment,Low,14931000.0
Kakinada,3806,2,4,4,30,No,Yes,1,Unfurnished,Apartment,Medium,21865000.0
Visakhapatnam,1397,5,2,1,19,Yes,Yes,3,Fully Furnished,Villa,Low,16793000.0
Rajahmundry,1585,3,3,2,20,Yes,Yes,3,Fully Furnished,Villa,Low,13668000.0
Nellore,1779,2,1,3,1,Yes,No,2,Unfurnished,Plot,Low,7545000.0
Tirupati,1170,1,1,3,25,Yes,Yes,2,Unfurnished,Plot,Medium,4714000.0
Kurnool,2005,1,3,4,30,Yes,Yes,1,Unfurnished,Apartment,High,11070000.0
Vijayawada,4075,5,3,1,25,Yes,Yes,0,Semi Furnished,Apartment,Medium,30469000.0
Kadapa,2455,3,1,1,23,Yes,Yes,2,Unfurnished,Independent House,High,14190000.0
Tirupati,749,2,4,1,9,No,Yes,1,Unfurnished,Villa,Medium,7508000.0
Bengaluru,2392,2,1,3,22,Yes,No,2,Fully Furnished,Apartment,High,35530000.0
Kurnool,3939,1,3,4,25,No,Yes,0,Fully Furnished,Villa,High,38249000.0
Pune,2353,5,4,3,5,Yes,Yes,2,Semi Furnished,Apartment,Medium,27643000.0
Kurnool,3354,1,2,3,22,Yes,Yes,1,Fully Furnished,Plot,Medium,14601000.0
Vijayawada,2003,1,1,2,27,Yes,Yes,2,Unfurnished,Apartment,High,15652000.0
Bengaluru,3885,5,3,4,16,No,Yes,3,Unfurnished,Plot,Low,27558000.0
Kadapa,4071,3,2,2,29,Yes,Yes,2,Semi Furnished,Independent House,High,26404000.0
Rajahmundry,4292,2,1,1,13,Yes,Yes,0,Fully Furnished,Independent House,High,37432000.0
Hyderabad,3926,3,1,3,4,No,Yes,0,Fully Furnished,Independent House,Low,44973000.0
Srikakulam,543,4,4,4,22,Yes,Yes,0,Fully Furnished,Apartment,High,4510000.0
Nellore,4112,4,3,1,16,No,Yes,0,Semi Furnished,Independent House,Low,26035000.0
Kurnool,3118,4,2,4,1,Yes,Yes,1,Fully Furnished,Apartment,Low,19458000.0
Tirupati,3663,5,1,3,8,Yes,Yes,2,Fully Furnished,Villa,Medium,42795000.0
Guntur,1788,1,4,4,11,Yes,No,2,Fully Furnished,Plot,High,12973000.0
Pune,3442,3,2,1,18,No,Yes,2,Unfurnished,Villa,High,51858000.0
Srikakulam,719,2,2,2,21,Yes,Yes,2,Semi Furnished,Apartment,Low,3681000.0
Bengaluru,2425,4,1,3,30,Yes,Yes,1,Unfurnished,Independent House,High,31553000.0
Guntur,3472,3,2,2,6,Yes,Yes,0,Semi Furnished,Plot,Low,15993000.0
Chennai,4013,4,1,3,8,Yes,Yes,2,Fully Furnished,Independent House,High,58105000.0
Kurnool,2948,4,4,1,20,No,Yes,2,Unfurnished,Villa,High,24846000.0
Nellore,3971,2,4,3,15,Yes,Yes,0,Fully Furnished,Apartment,Low,25523000.0
Kadapa,3274,5,2,2,19,Yes,No,3,Fully Furnished,Plot,Low,13675000.0
Tirupati,1490,1,1,3,10,Yes,Yes,3,Semi Furnished,Plot,High,9330000.0
Hyderabad,3446,5,3,1,11,Yes,Yes,0,Fully Furnished,Apartment,High,47847000.0
Kadapa,2312,3,4,3,14,Yes,Yes,2,Unfurnished,Apartment,Low,11344000.0
Visakhapatnam,1303,5,1,2,17,Yes,Yes,0,Semi Furnished,Plot,Medium,9121000.0
Guntur,989,3,1,1,18,No,No,2,Semi Furnished,Villa,Medium,9239000.0
Kurnool,4056,3,1,2,15,No,Yes,2,Unfurnished,Villa,High,32246000.0
Delhi,1993,1,2,3,14,Yes,Yes,3,Fully Furnished,Independent House,High,36001000.0
Ongole,4145,2,3,4,4,No,Yes,3,Fully Furnished,Plot,High,24839000.0
Nellore,3391,1,2,2,10,Yes,Yes,2,Fully Furnished,Apartment,Low,21235000.0
Ongole,2205,5,4,3,14,Yes,Yes,2,Fully Furnished,Apartment,High,19407000.0
Srikakulam,4016,3,2,4,28,Yes,Yes,2,Fully Furnished,Apartment,High,26452000.0
Vijayawada,3840,4,1,4,17,Yes,Yes,3,Semi Furnished,Apartment,High,34942000.0
Hyderabad,553,4,2,1,12,Yes,Yes,2,Semi Furnished,Plot,Medium,5186000.0
Rajahmundry,3075,3,1,4,3,No,Yes,0,Unfurnished,Villa,High,27424000.0
Vijayawada,4091,1,3,2,16,No,Yes,1,Fully Furnished,Independent House,High,44134000.0
Guntur,1115,2,2,2,3,Yes,Yes,1,Fully Furnished,Villa,Low,11153000.0
Nellore,1454,1,2,4,15,Yes,Yes,2,Fully Furnished,Independent House,Medium,11252000.0
Kakinada,2933,3,2,3,22,No,Yes,0,Unfurnished,Apartment,Low,15161000.0
Pune,2129,3,1,2,14,Yes,Yes,2,Fully Furnished,Apartment,High,30352000.0
Kakinada,3281,2,1,2,13,Yes,Yes,0,Semi Furnished,Plot,High,17788000.0
Kadapa,1149,5,2,1,11,Yes,Yes,3,Fully Furnished,Apartment,High,10097000.0
Bengaluru,2847,5,2,3,2,Yes,Yes,3,Unfurnished,Plot,High,27762000.0
Kurnool,4990,2,3,4,9,Yes,Yes,2,Semi Furnished,Plot,High,24740000.0
Visakhapatnam,3778,5,3,3,7,No,Yes,3,Semi Furnished,Plot,Low,22878000.0
Pune,3140,4,4,1,5,No,Yes,2,Semi Furnished,Apartment,High,41632000.0
Nellore,4301,5,3,1,21,Yes,No,1,Fully Furnished,Apartment,High,36251000.0
Srikakulam,3061,5,3,3,13,No,Yes,0,Unfurnished,Villa,Medium,20433000.0
Delhi,3749,5,3,1,30,Yes,Yes,0,Unfurnished,Independent House,Medium,45016000.0
Chennai,870,4,1,1,16,Yes,Yes,1,Fully Furnished,Villa,High,16196000.0
Kadapa,1357,5,3,1,20,No,Yes,1,Unfurnished,Apartment,High,8519000.0
Kakinada,883,4,3,3,18,Yes,Yes,1,Semi Furnished,Independent House,High,8136000.0
Vijayawada,4377,2,2,1,15,Yes,No,1,Semi Furnished,Plot,High,27525000.0
Srikakulam,3052,1,1,4,14,Yes,Yes,3,Unfurnished,Independent House,High,18351000.0
Visakhapatnam,4834,2,4,4,25,No,Yes,0,Unfurnished,Plot,High,29619000.0
Visakhapatnam,4790,1,4,2,14,No,Yes,0,Fully Furnished,Apartment,Low,39519000.0
Guntur,3225,2,3,4,0,No,Yes,1,Fully Furnished,Independent House,Low,25521000.0
Rajahmundry,4534,1,4,2,23,Yes,Yes,2,Fully Furnished,Plot,Low,19457000.0
Rajahmundry,3793,1,4,3,22,No,Yes,2,Fully Furnished,Villa,Medium,34694000.0
Kadapa,4751,3,4,1,22,Yes,Yes,2,Fully Furnished,Villa,High,44461000.0
Kakinada,4488,1,3,4,11,No,Yes,2,Fully Furnished,Plot,Medium,24250000.0
Nellore,1422,1,4,2,9,Yes,Yes,3,Semi Furnished,Villa,Medium,13485000.0
Chennai,3415,3,3,3,13,Yes,Yes,0,Unfurnished,Villa,Medium,41966000.0
Visakhapatnam,3450,5,2,2,9,Yes,Yes,0,Fully Furnished,Independent House,Low,32333000.0
Nellore,3546,5,2,1,9,No,Yes,0,Semi Furnished,Villa,High,36764000.0
Nellore,1474,3,4,4,19,No,Yes,2,Unfurnished,Independent House,High,11691000.0
Chennai,1730,4,2,3,28,Yes,Yes,1,Unfurnished,Apartment,Medium,16032000.0
Tirupati,2935,1,3,2,30,Yes,Yes,2,Unfurnished,Villa,Low,21922000.0
Hyderabad,2314,1,2,3,10,No,Yes,0,Fully Furnished,Apartment,Medium,26971000.0
Ongole,3434,3,4,2,21,Yes,Yes,2,Fully Furnished,Villa,Medium,30334000.0
Delhi,1863,3,3,2,15,No,Yes,1,Fully Furnished,Plot,High,22700000.0
Rajahmundry,4440,4,1,1,28,No,Yes,1,Unfurnished,Plot,Low,14711000.0
Rajahmundry,703,5,3,1,8,Yes,Yes,2,Unfurnished,Apartment,High,6741000.0
Anantapur,660,2,2,2,14,Yes,Yes,0,Semi Furnished,Apartment,Medium,3993000.0
Rajahmundry,4987,5,1,4,13,Yes,Yes,3,Semi Furnished,Apartment,High,37655000.0
Chennai,1268,1,3,3,18,Yes,Yes,0,Semi Furnished,Plot,Medium,9251000.0
Kurnool,4248,3,1,3,30,Yes,Yes,3,Semi Furnished,Apartment,Low,21165000.0
Guntur,3081,4,1,1,8,No,Yes,0,Unfurnished,Plot,High,16468000.0
Bengaluru,1593,5,1,4,3,Yes,Yes,2,Fully Furnished,Apartment,High,27157000.0
Guntur,5000,4,3,2,20,Yes,Yes,3,Fully Furnished,Independent House,High,47708000.0
Pune,1107,5,2,1,6,Yes,Yes,0,Fully Furnished,Independent House,High,18336000.0
Guntur,2040,1,3,2,21,Yes,Yes,2,Fully Furnished,Villa,High,24028000.0
Bengaluru,3375,2,2,2,25,No,No,0,Semi Furnished,Independent House,Low,37025000.0
Vijayawada,3691,4,3,1,7,Yes,Yes,1,Unfurnished,Apartment,Low,24661000.0
Chennai,2337,4,3,4,23,Yes,Yes,1,Fully Furnished,Independent House,High,33824000.0
Rajahmundry,1189,2,3,3,7,No,Yes,0,Unfurnished,Independent House,Medium,8639000.0
Rajahmundry,4259,4,2,1,18,Yes,Yes,2,Semi Furnished,Apartment,Medium,26324000.0
Anantapur,3449,4,3,4,14,Yes,Yes,0,Semi Furnished,Independent House,High,24896000.0
Kurnool,2603,5,1,2,15,Yes,Yes,2,Fully Furnished,Apartment,High,20574000.0
Kurnool,865,5,3,1,29,No,Yes,3,Fully Furnished,Independent House,Low,6217000.0
Visakhapatnam,4075,2,1,3,25,Yes,Yes,1,Semi Furnished,Apartment,Low,29414000.0
Anantapur,4699,1,4,3,21,No,Yes,3,Semi Furnished,Plot,High,21719000.0
Rajahmundry,4672,4,4,2,22,No,Yes,2,Unfurnished,Plot,High,22349000.0
Ongole,4825,1,2,1,8,Yes,Yes,0,Semi Furnished,Villa,Medium,37962000.0
Bengaluru,2878,2,2,3,25,Yes,Yes,1,Unfurnished,Independent House,Low,28214000.0
Bengaluru,1705,2,4,1,25,Yes,No,2,Semi Furnished,Villa,High,31107000.0
Guntur,4339,5,3,3,29,Yes,Yes,2,Unfurnished,Apartment,Low,23952000.0
Anantapur,3235,4,3,2,11,No,Yes,1,Semi Furnished,Plot,High,15723000.0
Tirupati,3847,3,3,2,30,Yes,Yes,0,Semi Furnished,Apartment,High,31622000.0
Kurnool,2175,2,4,1,15,Yes,Yes,1,Unfurnished,Villa,High,17535000.0
Guntur,798,4,1,4,3,No,Yes,0,Unfurnished,Apartment,High,7985000.0
Nellore,1456,1,2,4,4,Yes,Yes,0,Fully Furnished,Apartment,Medium,11066000.0
Guntur,1614,5,1,2,7,Yes,No,2,Fully Furnished,Apartment,High,16048000.0
Tirupati,3005,1,4,3,0,Yes,Yes,0,Semi Furnished,Apartment,Medium,24171000.0
Vijayawada,1974,2,1,4,27,Yes,Yes,0,Semi Furnished,Plot,Medium,10090000.0
Ongole,4960,2,3,2,5,No,Yes,1,Unfurnished,Apartment,High,31750000.0
Nellore,4946,1,3,3,14,Yes,Yes,1,Semi Furnished,Apartment,Low,27842000.0
Ongole,4226,2,1,3,3,Yes,Yes,0,Fully Furnished,Plot,Low,19050000.0
Guntur,3971,4,4,4,20,Yes,Yes,2,Unfurnished,Apartment,High,28694000.0
Kurnool,3328,2,1,2,10,Yes,No,1,Semi Furnished,Apartment,High,21671000.0
Hyderabad,3350,5,3,3,4,Yes,Yes,3,Unfurnished,Villa,High,51557000.0
Bengaluru,3006,4,3,3,17,Yes,Yes,2,Fully Furnished,Plot,Low,26458000.0
Tirupati,4270,3,4,1,23,No,No,1,Fully Furnished,Independent House,Low,33252000.0
Hyderabad,3464,2,1,1,14,No,Yes,1,Fully Furnished,Apartment,High,45872000.0
Bengaluru,1449,2,3,4,17,Yes,Yes,3,Semi Furnished,Villa,Low,21001000.0
Rajahmundry,3350,5,3,1,19,Yes,Yes,0,Semi Furnished,Plot,Medium,15429000.0
Nellore,665,5,1,2,27,Yes,Yes,1,Semi Furnished,Apartment,Low,4216000.0
Bengaluru,3986,1,1,4,12,Yes,Yes,3,Semi Furnished,Independent House,Low,44878000.0
Tirupati,3009,1,2,4,4,Yes,Yes,3,Semi Furnished,Apartment,High,27577000.0
Srikakulam,1419,1,4,1,29,Yes,Yes,1,Semi Furnished,Villa,Medium,8898000.0
Hyderabad,613,5,4,3,0,Yes,Yes,2,Fully Furnished,Plot,High,9561000.0
Vijayawada,4004,1,1,2,21,Yes,Yes,1,Fully Furnished,Villa,Low,40189000.0
Tirupati,1491,1,4,2,17,No,Yes,3,Semi Furnished,Plot,Medium,8005000.0
Tirupati,4339,3,3,2,13,Yes,Yes,1,Fully Furnished,Independent House,High,44907000.0
Kadapa,1758,1,1,4,4,No,Yes,2,Unfurnished,Apartment,Low,8580000.0
Nellore,3926,2,1,2,30,Yes,Yes,0,Semi Furnished,Villa,Medium,32385000.0
Kadapa,1014,5,1,3,5,Yes,Yes,0,Unfurnished,Independent House,High,8657000.0
Ongole,3696,4,2,3,26,No,Yes,1,Semi Furnished,Independent House,Medium,23638000.0
Rajahmundry,4934,3,4,1,23,Yes,Yes,1,Semi Furnished,Apartment,Low,27419000.0
Kurnool,3084,5,2,2,24,No,Yes,3,Fully Furnished,Villa,High,31077000.0
Kurnool,567,5,3,4,28,Yes,Yes,2,Unfurnished,Apartment,Low,3758000.0
Rajahmundry,2096,2,4,1,30,Yes,Yes,3,Fully Furnished,Apartment,Medium,14183000.0
Bengaluru,4978,1,2,3,27,Yes,Yes,3,Semi Furnished,Plot,Low,35563000.0
Chennai,518,2,1,2,15,Yes,Yes,0,Unfurnished,Plot,Medium,3618000.0
Kadapa,3230,1,2,3,21,No,Yes,3,Semi Furnished,Apartment,High,19505000.0
Srikakulam,4021,1,1,1,20,No,Yes,3,Fully Furnished,Plot,Low,14633000.0
Hyderabad,1072,5,2,3,11,No,Yes,0,Semi Furnished,Villa,High,19055000.0
Rajahmundry,2758,1,2,2,19,Yes,Yes,0,Semi Furnished,Plot,High,12881000.0
Delhi,3402,3,2,2,17,Yes,Yes,2,Fully Furnished,Independent House,High,60933000.0
Guntur,1150,3,1,1,1,Yes,Yes,2,Semi Furnished,Apartment,High,9979000.0
Bengaluru,3087,3,2,2,22,Yes,No,2,Unfurnished,Apartment,Low,29149000.0
Rajahmundry,3762,5,4,3,20,No,Yes,1,Fully Furnished,Villa,Low,31855000.0
Kadapa,1838,2,4,3,22,Yes,Yes,0,Semi Furnished,Apartment,High,11312000.0
Srikakulam,4134,4,4,4,12,Yes,Yes,1,Fully Furnished,Plot,High,21924000.0
Srikakulam,3327,1,1,4,26,Yes,Yes,1,Semi Furnished,Independent House,Medium,17095000.0
Tirupati,2717,4,1,4,16,No,Yes,2,Fully Furnished,Apartment,High,26610000.0
Mumbai,4039,2,4,3,16,No,Yes,0,Fully Furnished,Plot,Medium,49112000.0
Tirupati,1537,2,4,3,15,Yes,Yes,1,Unfurnished,Independent House,Medium,11737000.0
Nellore,4883,5,4,1,20,Yes,Yes,3,Fully Furnished,Apartment,High,41030000.0
Nellore,4478,3,3,4,17,Yes,Yes,3,Unfurnished,Apartment,Low,23710000.0
Rajahmundry,3461,3,4,3,7,Yes,Yes,0,Fully Furnished,Apartment,Medium,25808000.0
Ongole,3726,2,2,1,29,No,Yes,1,Fully Furnished,Independent House,Low,21955000.0
Pune,1598,5,3,3,30,Yes,Yes,2,Semi Furnished,Apartment,High,20539000.0
Kakinada,2824,5,3,1,2,Yes,Yes,1,Semi Furnished,Apartment,High,23677000.0
Chennai,1439,1,1,4,16,Yes,Yes,3,Semi Furnished,Plot,High,12413000.0
Rajahmundry,4216,3,2,4,28,Yes,No,3,Fully Furnished,Plot,High,24448000.0
Kakinada,3914,2,1,4,17,No,Yes,2,Fully Furnished,Plot,Medium,20804000.0
Kadapa,1948,4,1,3,25,Yes,Yes,0,Unfurnished,Plot,Medium,6744000.0
Guntur,1070,3,2,3,25,Yes,Yes,1,Unfurnished,Apartment,Low,5979000.0
Chennai,3404,1,1,1,22,No,Yes,3,Unfurnished,Independent House,Low,27726000.0
Nellore,3005,5,2,2,5,Yes,Yes,1,Semi Furnished,Apartment,Medium,20912000.0
Chennai,1417,2,2,2,27,No,Yes,2,Semi Furnished,Villa,High,21038000.0
Tirupati,2374,3,1,4,7,Yes,Yes,2,Unfurnished,Independent House,Low,16664000.0
Guntur,2178,4,4,2,22,Yes,Yes,0,Fully Furnished,Villa,Medium,22231000.0
Rajahmundry,1115,1,1,4,29,Yes,Yes,2,Semi Furnished,Apartment,Low,5261000.0
Bengaluru,2249,1,3,1,25,Yes,Yes,0,Semi Furnished,Independent House,Medium,27813000.0
Bengaluru,4325,3,1,2,12,Yes,Yes,1,Unfurnished,Independent House,High,57554000.0
Kakinada,4688,4,2,2,7,Yes,Yes,3,Semi Furnished,Plot,Medium,24155000.0
Kakinada,2977,1,3,4,18,Yes,Yes,3,Unfurnished,Apartment,Low,15556000.0
Ongole,4005,2,2,1,5,Yes,Yes,0,Semi Furnished,Villa,Medium,32117000.0
Kakinada,3975,1,4,2,28,Yes,Yes,3,Fully Furnished,Independent House,Low,27361000.0
Visakhapatnam,1635,4,4,2,22,No,Yes,0,Fully Furnished,Independent House,Low,15245000.0
Kadapa,4500,5,3,2,14,Yes,Yes,0,Semi Furnished,Plot,Low,17638000.0
Kurnool,874,5,4,1,9,Yes,Yes,1,Unfurnished,Independent House,High,7788000.0
Vijayawada,706,3,4,1,26,No,Yes,1,Semi Furnished,Plot,High,4627000.0
Anantapur,1819,4,1,2,16,Yes,Yes,2,Unfurnished,Independent House,Medium,9574000.0
Delhi,1641,1,1,4,0,Yes,Yes,0,Semi Furnished,Independent House,Medium,23466000.0
Vijayawada,3190,1,4,4,6,Yes,Yes,1,Fully Furnished,Apartment,Low,25953000.0
Pune,3755,5,4,2,28,Yes,Yes,0,Fully Furnished,Independent House,High,56542000.0
Kadapa,589,5,1,1,26,Yes,Yes,0,Semi Furnished,Plot,Medium,2474000.0
Srikakulam,4608,2,4,2,12,No,Yes,0,Semi Furnished,Plot,Medium,17583000.0
Anantapur,3520,5,4,1,2,No,No,1,Semi Furnished,Plot,High,18302000.0
Kurnool,2357,2,2,2,18,Yes,Yes,0,Fully Furnished,Villa,Low,17545000.0
Guntur,1304,1,4,1,14,Yes,Yes,0,Fully Furnished,Independent House,Medium,10514000.0
Pune,1444,2,3,3,4,Yes,Yes,2,Unfurnished,Apartment,Low,13712000.0
Kadapa,3289,2,2,4,30,No,Yes,0,Semi Furnished,Apartment,High,18795000.0
Delhi,4375,3,3,3,10,Yes,Yes,2,Semi Furnished,Villa,High,87591000.0
Pune,2110,5,4,4,21,Yes,Yes,0,Fully Furnished,Independent House,Medium,28109000.0
Anantapur,3423,2,1,1,17,Yes,No,2,Semi Furnished,Plot,Medium,13172000.0
Pune,4382,1,2,3,2,Yes,Yes,1,Unfurnished,Villa,High,66389000.0
Kakinada,3721,4,1,4,5,Yes,Yes,1,Semi Furnished,Villa,Low,30602000.0
Pune,4891,2,2,2,2,Yes,Yes,3,Fully Furnished,Plot,Low,38612000.0
Rajahmundry,2887,5,1,1,29,No,Yes,0,Semi Furnished,Villa,High,27265000.0
Pune,1441,3,2,1,4,Yes,No,3,Fully Furnished,Villa,Medium,24101000.0
Anantapur,3066,1,2,2,8,Yes,Yes,3,Unfurnished,Plot,High,13335000.0
Guntur,1475,3,3,2,27,No,Yes,2,Unfurnished,Independent House,Medium,9569000.0
Hyderabad,1454,4,1,4,18,Yes,Yes,1,Semi Furnished,Apartment,Low,13866000.0
Pune,1762,2,3,1,27,Yes,Yes,0,Semi Furnished,Apartment,Medium,17378000.0
Hyderabad,1443,2,3,4,26,Yes,Yes,0,Fully Furnished,Plot,Low,10461000.0
Mumbai,2702,5,1,2,12,Yes,Yes,2,Unfurnished,Plot,High,32307000.0
Rajahmundry,3827,2,2,1,28,Yes,Yes,3,Unfurnished,Independent House,Medium,20728000.0
Delhi,4774,1,3,2,5,No,Yes,2,Unfurnished,Villa,Low,65731000.0
Guntur,2759,4,1,4,10,No,No,3,Unfurnished,Independent House,Medium,19266000.0
Chennai,2328,3,2,4,20,Yes,Yes,0,Semi Furnished,Villa,Low,28150000.0
Bengaluru,1757,4,3,4,20,Yes,Yes,2,Semi Furnished,Villa,Low,26028000.0
Delhi,964,2,3,1,26,Yes,Yes,3,Fully Furnished,Independent House,High,17098000.0
Vijayawada,3794,3,3,2,29,Yes,Yes,2,Unfurnished,Plot,High,21366000.0
Pune,1730,5,2,2,13,Yes,No,1,Semi Furnished,Plot,Medium,15342000.0
Delhi,3154,4,3,4,5,Yes,Yes,2,Semi Furnished,Independent House,Low,40704000.0
Kurnool,1384,3,2,4,5,Yes,Yes,0,Unfurnished,Villa,High,13043000.0
Tirupati,4305,3,4,4,16,Yes,Yes,2,Semi Furnished,Villa,Medium,42846000.0
Guntur,4356,3,3,4,10,Yes,Yes,0,Fully Furnished,Villa,High,51706000.0
Rajahmundry,3635,1,4,3,14,Yes,Yes,0,Fully Furnished,Villa,Medium,33288000.0
Anantapur,1424,4,1,3,8,Yes,Yes,2,Unfurnished,Independent House,High,10867000.0
Visakhapatnam,2046,3,3,3,20,No,Yes,2,Fully Furnished,Apartment,High,23229000.0
Ongole,1594,4,1,4,16,Yes,Yes,2,Semi Furnished,Plot,Low,7249000.0
Ongole,2911,3,1,4,23,No,Yes,1,Fully Furnished,Plot,Low,12027000.0
Chennai,3117,5,1,2,6,No,Yes,1,Semi Furnished,Apartment,High,38100000.0
Vijayawada,1262,5,4,1,6,No,Yes,3,Unfurnished,Villa,Low,13529000.0
Guntur,2823,5,2,2,30,Yes,Yes,2,Unfurnished,Apartment,High,19319000.0
Delhi,4645,2,4,3,29,No,Yes,3,Semi Furnished,Apartment,Medium,57786000.0
Anantapur,3275,3,4,2,20,Yes,Yes,3,Semi Furnished,Apartment,High,21605000.0
Rajahmundry,3655,2,1,4,0,Yes,Yes,0,Fully Furnished,Plot,High,22957000.0
Guntur,4470,4,3,3,24,Yes,Yes,3,Semi Furnished,Plot,Medium,21546000.0
Visakhapatnam,2540,2,2,3,26,Yes,Yes,2,Unfurnished,Apartment,Medium,18705000.0
Rajahmundry,1083,4,1,1,24,Yes,Yes,1,Semi Furnished,Apartment,Low,5387000.0
Bengaluru,4831,4,2,1,7,Yes,Yes,3,Fully Furnished,Apartment,Medium,63979000.0
Nellore,2603,4,4,3,4,Yes,Yes,3,Fully Furnished,Villa,Low,25148000.0
Visakhapatnam,2442,2,2,3,29,Yes,Yes,1,Semi Furnished,Villa,High,30457000.0
Guntur,4955,3,2,2,18,Yes,Yes,3,Fully Furnished,Villa,Medium,49964000.0
Bengaluru,609,2,3,3,7,Yes,Yes,2,Fully Furnished,Plot,High,7980000.0
Rajahmundry,691,3,1,4,16,No,Yes,3,Unfurnished,Independent House,Low,4755000.0
Vijayawada,1403,3,2,2,18,Yes,Yes,0,Semi Furnished,Apartment,Medium,11058000.0
Visakhapatnam,1361,4,2,4,11,Yes,Yes,3,Unfurnished,Apartment,Low,10561000.0
Chennai,1583,2,4,4,26,No,Yes,0,Unfurnished,Independent House,Low,13087000.0
Chennai,1149,3,4,4,22,Yes,Yes,1,Fully Furnished,Apartment,Medium,14913000.0
Kadapa,4634,5,2,3,29,Yes,Yes,1,Unfurnished,Villa,Medium,30535000.0
Mumbai,4111,3,1,1,14,No,Yes,3,Semi Furnished,Villa,Low,75159000.0
Tirupati,1136,5,2,1,3,No,Yes,3,Semi Furnished,Independent House,Medium,11421000.0
Nellore,1536,2,2,4,22,Yes,Yes,1,Semi Furnished,Villa,Low,12095000.0
Chennai,4631,2,3,3,11,Yes,Yes,0,Unfurnished,Independent House,High,52506000.0
Mumbai,2648,2,1,2,26,No,Yes,1,Semi Furnished,Villa,High,62355000.0
Delhi,4365,3,3,4,12,Yes,Yes,1,Semi Furnished,Apartment,Medium,55903000.0
Anantapur,3657,1,1,2,13,Yes,Yes,0,Unfurnished,Plot,Medium,12777000.0
Ongole,4087,3,1,2,4,Yes,Yes,1,Unfurnished,Villa,High,35633000.0
Anantapur,3794,3,1,3,21,Yes,Yes,3,Unfurnished,Independent House,Low,18164000.0
Guntur,4761,4,3,3,15,No,Yes,3,Unfurnished,Plot,Low,19995000.0
Mumbai,2930,4,3,1,29,No,Yes,1,Fully Furnished,Apartment,Low,44097000.0
Tirupati,2379,3,3,1,6,No,Yes,3,Unfurnished,Plot,Medium,12266000.0
Delhi,4466,5,4,3,14,Yes,No,2,Unfurnished,Independent House,Low,50878000.0
Vijayawada,4213,4,3,4,12,Yes,Yes,1,Semi Furnished,Apartment,Medium,33948000.0
Guntur,4626,3,4,1,25,No,Yes,2,Semi Furnished,Apartment,Medium,30236000.0
Bengaluru,4606,1,4,2,15,Yes,Yes,1,Unfurnished,Villa,Medium,63879000.0
Nellore,2511,5,4,4,11,No,Yes,1,Unfurnished,Plot,High,14600000.0
Kadapa,3873,2,2,2,6,No,Yes,2,Unfurnished,Villa,Low,23333000.0
Ongole,2643,3,2,3,15,Yes,Yes,1,Semi Furnished,Apartment,Medium,16232000.0
Vijayawada,3000,3,2,2,22,Yes,Yes,3,Semi Furnished,Villa,Low,27773000.0
Visakhapatnam,1789,5,4,4,22,Yes,Yes,2,Unfurnished,Villa,High,22992000.0
Srikakulam,1947,4,4,3,26,No,Yes,1,Semi Furnished,Independent House,Low,10316000.0
Nellore,3699,4,1,4,12,Yes,Yes,3,Semi Furnished,Villa,High,37920000.0
Nellore,2443,4,4,2,28,No,Yes,2,Unfurnished,Apartment,Medium,13432000.0
Kurnool,3683,2,2,4,22,Yes,Yes,2,Semi Furnished,Villa,Medium,27559000.0
Kakinada,3716,5,4,3,2,Yes,Yes,3,Unfurnished,Apartment,High,29037000.0
Vijayawada,3636,5,4,2,14,Yes,Yes,1,Fully Furnished,Apartment,Medium,32503000.0
Srikakulam,3818,4,1,2,27,Yes,Yes,1,Fully Furnished,Independent House,Low,21301000.0
Visakhapatnam,3282,4,4,1,2,No,Yes,2,Fully Furnished,Apartment,Low,29025000.0
Srikakulam,1490,1,3,1,6,Yes,Yes,0,Semi Furnished,Apartment,High,9590000.0
Pune,2653,1,1,4,29,Yes,Yes,1,Fully Furnished,Independent House,Low,28582000.0
Ongole,725,3,4,1,17,No,Yes,1,Semi Furnished,Apartment,Medium,5034000.0
Chennai,1276,3,4,1,13,Yes,Yes,3,Unfurnished,Independent House,Medium,14370000.0
Pune,3337,5,1,1,17,Yes,Yes,0,Fully Furnished,Plot,Medium,29711000.0
Delhi,1187,5,4,1,18,Yes,Yes,0,Semi Furnished,Plot,Low,11469000.0
Pune,1029,2,2,3,13,Yes,Yes,2,Fully Furnished,Plot,Medium,8885000.0
Chennai,3942,2,3,3,19,Yes,Yes,3,Semi Furnished,Apartment,Low,35078000.0
Kakinada,2653,1,3,1,5,No,Yes,3,Semi Furnished,Villa,High,27027000.0
Rajahmundry,1794,3,2,4,28,Yes,Yes,1,Unfurnished,Independent House,Medium,10446000.0
Vijayawada,2026,1,4,3,7,Yes,Yes,2,Semi Furnished,Plot,High,15065000.0
Hyderabad,3396,1,4,1,25,Yes,Yes,1,Semi Furnished,Independent House,Low,33212000.0
Anantapur,3603,3,3,3,25,Yes,Yes,0,Fully Furnished,Plot,Low,13580000.0
Kakinada,2940,2,4,2,6,Yes,Yes,3,Unfurnished,Plot,High,16856000.0
Kadapa,4635,3,3,3,19,Yes,Yes,2,Semi Furnished,Apartment,Medium,25523000.0
Chennai,4302,4,3,3,17,No,Yes,1,Fully Furnished,Independent House,Medium,52456000.0
Tirupati,1344,4,2,4,17,Yes,No,1,Unfurnished,Apartment,Medium,10237000.0
Hyderabad,946,4,3,3,14,Yes,Yes,0,Semi Furnished,Independent House,High,13562000.0
Vijayawada,4415,5,4,4,19,Yes,Yes,3,Fully Furnished,Independent House,Low,37448000.0
Nellore,3609,2,4,2,21,No,Yes,0,Unfurnished,Villa,High,32511000.0
Kadapa,1734,2,1,1,18,Yes,No,1,Unfurnished,Plot,Low,5330000.0
Kurnool,726,5,4,4,21,Yes,Yes,3,Unfurnished,Apartment,Medium,4910000.0
Delhi,4643,1,1,3,20,Yes,Yes,3,Unfurnished,Villa,Medium,69142000.0
Ongole,3459,4,3,3,20,Yes,Yes,0,Semi Furnished,Independent House,Low,19964000.0
Tirupati,2330,4,4,4,1,Yes,Yes,3,Semi Furnished,Plot,Medium,15689000.0
Kakinada,4279,1,2,2,7,No,Yes,0,Unfurnished,Apartment,High,29502000.0
Kurnool,686,3,2,1,20,Yes,Yes,3,Unfurnished,Villa,Low,4572000.0
Vijayawada,3377,3,2,3,10,Yes,Yes,3,Semi Furnished,Independent House,Medium,28776000.0
Pune,3035,2,3,2,17,Yes,Yes,2,Fully Furnished,Villa,Medium,48041000.0
Nellore,2432,5,3,1,22,Yes,Yes,3,Unfurnished,Independent House,Medium,16225000.0
Kurnool,3424,2,1,1,12,Yes,Yes,1,Semi Furnished,Independent House,Medium,20617000.0
Srikakulam,1348,3,2,3,30,No,Yes,2,Semi Furnished,Plot,Low,4345000.0
Ongole,2532,1,1,4,8,No,Yes,0,Fully Furnished,Apartment,Low,14571000.0
Kurnool,1752,2,1,3,8,No,Yes,1,Semi Furnished,Plot,Medium,7587000.0
Rajahmundry,2381,4,4,3,16,No,Yes,0,Unfurnished,Apartment,High,17229000.0
Vijayawada,769,4,4,3,6,Yes,Yes,0,Semi Furnished,Apartment,High,9435000.0
Srikakulam,2130,1,2,2,8,Yes,Yes,1,Unfurnished,Independent House,High,13034000.0
Hyderabad,4905,3,3,4,21,Yes,Yes,0,Semi Furnished,Villa,High,79243000.0
Anantapur,3703,4,4,2,0,Yes,Yes,2,Unfurnished,Apartment,Low,18873000.0
Ongole,2074,4,3,3,1,No,Yes,1,Unfurnished,Apartment,Low,12388000.0
Hyderabad,3392,5,1,4,3,No,Yes,0,Semi Furnished,Apartment,High,42950000.0
Pune,2195,2,1,1,13,No,No,0,Unfurnished,Apartment,Low,18479000.0
Chennai,3758,3,1,4,3,Yes,Yes,3,Semi Furnished,Independent House,High,48834000.0
Vijayawada,3762,2,1,3,1,Yes,Yes,3,Semi Furnished,Plot,Medium,22328000.0
Kadapa,1945,3,2,4,7,Yes,Yes,0,Semi Furnished,Villa,Medium,14912000.0
Guntur,719,4,1,1,17,Yes,Yes,1,Unfurnished,Independent House,High,6183000.0
Tirupati,552,5,4,1,18,Yes,Yes,2,Semi Furnished,Independent House,Low,5788000.0
Kadapa,2257,2,1,4,13,Yes,Yes,0,Fully Furnished,Independent House,High,17455000.0
Rajahmundry,2166,4,3,1,19,No,Yes,0,Unfurnished,Apartment,Low,10957000.0
Kadapa,3285,3,4,2,24,No,Yes,0,Fully Furnished,Villa,Medium,25787000.0
Tirupati,1219,2,3,4,9,Yes,Yes,3,Fully Furnished,Independent House,Low,10803000.0
Pune,905,2,3,1,16,Yes,Yes,1,Fully Furnished,Independent House,High,14529000.0
Anantapur,2794,4,2,1,7,Yes,Yes,0,Fully Furnished,Independent House,Medium,19734000.0
Rajahmundry,571,2,2,4,27,Yes,Yes,3,Semi Furnished,Apartment,Medium,3166000.0
Visakhapatnam,2553,5,3,2,30,No,Yes,0,Fully Furnished,Apartment,Low,20867000.0
Vijayawada,1729,5,3,4,13,Yes,Yes,0,Unfurnished,Independent House,Medium,14388000.0
Bengaluru,2067,4,1,1,20,Yes,Yes,1,Fully Furnished,Apartment,Medium,26566000.0
Nellore,4182,3,4,4,22,Yes,Yes,3,Fully Furnished,Villa,Low,36765000.0
Guntur,3453,4,1,1,7,Yes,Yes,2,Fully Furnished,Apartment,Medium,27031000.0
Tirupati,4982,5,2,3,30,No,Yes,1,Semi Furnished,Independent House,High,45796000.0
Bengaluru,1198,1,2,4,4,Yes,Yes,2,Fully Furnished,Villa,Low,20400000.0
Visakhapatnam,1326,1,1,4,15,No,Yes,3,Fully Furnished,Apartment,Low,11760000.0
Kadapa,848,2,4,1,7,Yes,Yes,3,Fully Furnished,Independent House,Low,6650000.0
Pune,4408,2,3,1,9,No,Yes,2,Unfurnished,Plot,Low,27646000.0
Hyderabad,807,1,1,1,26,Yes,Yes,3,Semi Furnished,Plot,High,6091000.0
Kadapa,3916,5,2,1,7,Yes,Yes,1,Semi Furnished,Villa,Low,27158000.0
Vijayawada,2834,2,4,4,8,Yes,Yes,0,Semi Furnished,Villa,High,35544000.0
Kakinada,3309,4,2,1,17,Yes,Yes,2,Unfurnished,Villa,Low,23776000.0
Vijayawada,4058,4,4,4,2,No,Yes,0,Fully Furnished,Apartment,Low,33441000.0
Kakinada,4978,5,4,2,16,Yes,Yes,2,Unfurnished,Villa,Medium,40818000.0
Kakinada,3977,2,4,4,19,No,Yes,0,Semi Furnished,Apartment,Medium,26025000.0
Rajahmundry,3186,4,1,1,14,Yes,Yes,0,Semi Furnished,Independent House,High,24497000.0
Pune,3485,2,1,1,30,No,Yes,1,Semi Furnished,Apartment,Medium,34257000.0
Guntur,775,2,1,2,20,Yes,Yes,0,Unfurnished,Apartment,Low,4071000.0
Kadapa,3047,4,4,4,26,No,Yes,2,Semi Furnished,Independent House,High,20902000.0
Rajahmundry,3264,1,4,2,16,No,Yes,0,Fully Furnished,Plot,Medium,16768000.0
Ongole,836,4,2,4,7,Yes,Yes,3,Unfurnished,Apartment,Low,6743000.0
Anantapur,2473,5,3,1,1,Yes,Yes,0,Fully Furnished,Apartment,Medium,17199000.0
Visakhapatnam,3479,3,1,4,16,Yes,Yes,0,Semi Furnished,Independent House,Medium,31578000.0
Visakhapatnam,4468,4,4,1,17,Yes,Yes,3,Semi Furnished,Villa,Medium,51209000.0
Delhi,1410,2,2,1,30,Yes,Yes,3,Unfurnished,Independent House,Medium,16040000.0
Nellore,2496,2,2,3,28,Yes,Yes,2,Fully Furnished,Plot,Low,10746000.0
Srikakulam,3629,4,2,3,4,No,Yes,3,Unfurnished,Villa,Medium,24463000.0
Srikakulam,4704,3,1,4,8,No,Yes,3,Fully Furnished,Plot,High,23761000.0
Kurnool,4257,4,1,1,8,No,Yes,2,Semi Furnished,Apartment,High,29655000.0
Vijayawada,827,3,3,2,1,Yes,Yes,2,Unfurnished,Plot,Medium,5599000.0
Srikakulam,2299,3,2,1,1,No,Yes,0,Unfurnished,Plot,High,10356000.0
Nellore,814,5,1,2,18,Yes,Yes,1,Fully Furnished,Independent House,Medium,7002000.0
Srikakulam,4045,2,2,4,22,Yes,Yes,2,Semi Furnished,Villa,Low,25222000.0
Pune,1634,2,4,4,26,Yes,Yes,3,Semi Furnished,Apartment,Low,15350000.0
Pune,3246,3,2,2,2,No,Yes,0,Fully Furnished,Apartment,High,46799000.0
Ongole,2020,2,3,2,16,No,Yes,3,Fully Furnished,Apartment,High,15278000.0
Pune,655,1,1,1,13,Yes,No,2,Fully Furnished,Villa,Medium,9662000.0
Bengaluru,2224,3,4,4,13,No,Yes,1,Fully Furnished,Villa,Medium,39831000.0
Srikakulam,3843,2,1,1,13,Yes,Yes,0,Fully Furnished,Plot,Medium,15511000.0
Mumbai,1386,1,4,2,5,No,Yes,2,Semi Furnished,Plot,Low,14940000.0
Rajahmundry,3573,5,2,3,2,Yes,Yes,2,Semi Furnished,Villa,Medium,31566000.0
Pune,3305,2,2,3,0,Yes,Yes,3,Unfurnished,Apartment,Low,30334000.0
Nellore,1221,1,3,3,29,Yes,Yes,1,Semi Furnished,Villa,High,10986000.0
Mumbai,1412,4,3,2,15,Yes,Yes,2,Fully Furnished,Independent House,Low,25076000.0
Kurnool,3857,4,4,1,28,Yes,Yes,3,Semi Furnished,Villa,High,34817000.0
Rajahmundry,1370,1,3,4,3,Yes,Yes,0,Semi Furnished,Villa,Low,11349000.0
Delhi,4608,3,3,2,28,Yes,Yes,3,Semi Furnished,Apartment,Low,51606000.0
Srikakulam,997,3,3,3,0,No,Yes,0,Unfurnished,Plot,Medium,5587000.0
Bengaluru,2256,2,3,1,16,No,Yes,3,Unfurnished,Independent House,High,30238000.0
Kakinada,1617,4,2,4,27,Yes,Yes,1,Fully Furnished,Independent House,Low,11823000.0
Hyderabad,3909,3,3,4,17,No,Yes,3,Fully Furnished,Independent House,Low,44150000.0
Bengaluru,3328,3,2,2,25,Yes,Yes,1,Unfurnished,Villa,High,54287000.0
Ongole,2147,4,2,2,7,No,Yes,1,Semi Furnished,Apartment,Low,13079000.0
Mumbai,3483,5,1,4,1,Yes,Yes,0,Semi Furnished,Villa,High,86099000.0
Anantapur,642,3,2,4,26,Yes,Yes,3,Unfurnished,Plot,High,3004000.0
Pune,3261,1,2,3,17,Yes,Yes,3,Fully Furnished,Apartment,High,45363000.0
Anantapur,3935,2,3,4,30,No,Yes,3,Semi Furnished,Independent House,Low,20344000.0
Chennai,2931,3,2,2,26,Yes,No,1,Fully Furnished,Villa,Low,39250000.0
Bengaluru,2348,3,4,1,26,No,Yes,2,Semi Furnished,Apartment,Medium,27340000.0
Anantapur,3196,5,3,3,15,Yes,Yes,3,Fully Furnished,Villa,High,32913000.0
Kakinada,2217,1,3,3,25,Yes,Yes,3,Semi Furnished,Apartment,Low,12425000.0
Mumbai,3572,2,3,4,9,Yes,Yes,2,Fully Furnished,Independent House,Low,59345000.0
Rajahmundry,1567,3,1,1,7,No,Yes,0,Fully Furnished,Plot,High,10002000.0
Delhi,3286,2,3,3,11,Yes,Yes,3,Fully Furnished,Plot,High,40279000.0
Delhi,4291,4,2,2,21,No,Yes,2,Unfurnished,Villa,High,76388000.0
Anantapur,1788,3,4,4,15,Yes,Yes,3,Fully Furnished,Independent House,Medium,12891000.0
Visakhapatnam,4371,3,3,2,11,No,Yes,1,Unfurnished,Villa,Medium,44979000.0
Delhi,2306,4,3,4,10,Yes,Yes,2,Unfurnished,Villa,Medium,37031000.0
Ongole,2004,5,4,3,19,Yes,Yes,1,Fully Furnished,Apartment,High,16576000.0
Anantapur,3808,3,3,4,18,Yes,Yes,2,Unfurnished,Apartment,Low,17606000.0
Pune,3451,2,1,1,0,Yes,Yes,0,Unfurnished,Apartment,High,39065000.0
Chennai,571,1,2,2,26,Yes,Yes,1,Unfurnished,Independent House,Low,4309000.0
Visakhapatnam,2190,2,4,1,2,No,Yes,3,Semi Furnished,Independent House,Medium,21905000.0
Srikakulam,1844,5,4,2,11,Yes,Yes,2,Fully Furnished,Villa,Medium,16621000.0
Hyderabad,3803,1,1,2,29,Yes,Yes,3,Unfurnished,Apartment,Medium,33331000.0
Vijayawada,3613,2,2,4,8,Yes,Yes,0,Fully Furnished,Independent House,Low,30614000.0
Visakhapatnam,1382,2,1,3,20,Yes,Yes,2,Unfurnished,Villa,Low,12260000.0
Nellore,4734,4,2,3,28,Yes,Yes,0,Fully Furnished,Independent House,High,41543000.0
Kadapa,3162,5,1,1,21,Yes,Yes,2,Unfurnished,Villa,High,24837000.0
Rajahmundry,2004,4,3,4,4,No,Yes,1,Semi Furnished,Plot,High,12720000.0
Srikakulam,2963,1,1,3,0,Yes,Yes,3,Semi Furnished,Apartment,Medium,16655000.0
Anantapur,3053,4,4,2,9,No,Yes,1,Semi Furnished,Plot,High,15776000.0
Bengaluru,1232,5,4,2,16,Yes,Yes,1,Unfurnished,Villa,Medium,18581000.0
Pune,2248,3,4,4,3,Yes,Yes,1,Fully Furnished,Villa,Low,34853000.0
Tirupati,4424,3,1,1,14,Yes,Yes,1,Unfurnished,Apartment,Medium,29576000.0
Hyderabad,923,1,4,4,18,No,Yes,2,Semi Furnished,Apartment,Medium,9158000.0
Delhi,3978,3,4,1,26,Yes,Yes,3,Unfurnished,Villa,Medium,60419000.0
Guntur,2091,4,3,4,7,No,Yes,2,Fully Furnished,Independent House,Low,17398000.0
Mumbai,4985,1,3,2,27,Yes,Yes,2,Semi Furnished,Apartment,Low,66983000.0
Hyderabad,4937,5,2,4,27,No,Yes,2,Unfurnished,Villa,High,72335000.0
Ongole,992,1,2,3,22,Yes,Yes,1,Fully Furnished,Apartment,High,8102000.0
Srikakulam,691,1,2,3,14,Yes,Yes,0,Semi Furnished,Apartment,High,4574000.0
Vijayawada,998,2,1,4,26,Yes,Yes,1,Fully Furnished,Plot,Low,5302000.0
Visakhapatnam,1756,2,2,1,30,Yes,Yes,2,Fully Furnished,Plot,Low,9529000.0
Ongole,2468,1,1,1,6,Yes,Yes,1,Semi Furnished,Independent House,Low,14071000.0
Vijayawada,4822,3,1,2,14,Yes,Yes,3,Unfurnished,Apartment,Low,30374000.0
Hyderabad,2686,2,2,2,7,No,Yes,3,Unfurnished,Villa,Low,31150000.0
Hyderabad,1316,5,2,1,29,Yes,Yes,1,Unfurnished,Villa,Medium,16439000.0
Delhi,3720,4,1,4,25,Yes,Yes,1,Unfurnished,Apartment,High,48539000.0
Visakhapatnam,1973,2,3,2,22,Yes,Yes,0,Fully Furnished,Apartment,Medium,17507000.0
Anantapur,1586,1,4,1,9,Yes,Yes,1,Unfurnished,Independent House,High,11074000.0
Chennai,4699,3,4,1,17,Yes,Yes,1,Unfurnished,Independent House,Medium,45494000.0
Pune,2374,4,4,4,3,Yes,Yes,0,Fully Furnished,Independent House,Low,29963000.0
Srikakulam,1370,2,3,3,14,No,Yes,1,Fully Furnished,Villa,High,13312000.0
Mumbai,2542,3,1,1,10,Yes,Yes,1,Semi Furnished,Plot,Medium,28292000.0
Srikakulam,772,3,2,2,21,Yes,Yes,1,Fully Furnished,Independent House,High,5847000.0
Bengaluru,1529,3,1,4,2,Yes,Yes,1,Semi Furnished,Villa,Low,23136000.0
Ongole,3718,1,1,4,14,Yes,Yes,1,Semi Furnished,Independent House,Low,21149000.0
Anantapur,4569,5,2,4,2,Yes,Yes,2,Unfurnished,Villa,High,38183000.0
Nellore,1551,3,3,3,14,Yes,Yes,1,Unfurnished,Apartment,High,11242000.0
Guntur,4533,4,4,3,5,Yes,Yes,0,Unfurnished,Villa,Low,34874000.0
Pune,2073,2,4,2,0,Yes,Yes,1,Fully Furnished,Apartment,Low,23750000.0
Visakhapatnam,3690,4,1,2,13,No,Yes,2,Fully Furnished,Villa,Low,41999000.0
Hyderabad,4888,1,3,4,15,Yes,Yes,0,Unfurnished,Plot,Medium,32329000.0
Chennai,4297,1,4,2,0,Yes,Yes,0,Unfurnished,Villa,High,62258000.0
Delhi,3789,4,3,1,20,Yes,Yes,1,Fully Furnished,Apartment,Low,48004000.0
Tirupati,4247,5,2,3,16,Yes,Yes,3,Semi Furnished,Plot,High,28019000.0
Delhi,2605,1,1,4,25,No,Yes,2,Semi Furnished,Villa,Medium,43028000.0
Nellore,807,1,1,4,7,Yes,Yes,3,Unfurnished,Villa,Medium,7310000.0
Mumbai,3859,4,3,1,17,Yes,Yes,1,Unfurnished,Independent House,Low,51530000.0
Guntur,3676,1,4,1,15,No,Yes,2,Unfurnished,Plot,High,18362000.0
Chennai,1751,5,3,1,5,Yes,Yes,3,Semi Furnished,Apartment,Medium,20229000.0
Bengaluru,3247,5,2,1,9,No,Yes,2,Unfurnished,Plot,High,30079000.0
Kakinada,2017,5,4,4,9,No,Yes,1,Semi Furnished,Apartment,High,17798000.0
Bengaluru,1878,2,4,3,4,Yes,Yes,2,Fully Furnished,Independent House,Low,25370000.0
Pune,2461,5,3,3,25,Yes,Yes,1,Fully Furnished,Independent House,Medium,31535000.0
Tirupati,4805,5,2,1,27,Yes,Yes,3,Fully Furnished,Apartment,Medium,39445000.0
Srikakulam,3363,2,4,2,11,Yes,Yes,2,Unfurnished,Apartment,Medium,16816000.0
Nellore,3156,3,1,4,19,Yes,Yes,0,Fully Furnished,Apartment,High,25524000.0
Nellore,2994,1,2,3,16,Yes,Yes,1,Semi Furnished,Independent House,Medium,20139000.0
Kadapa,4505,5,4,1,13,No,Yes,2,Semi Furnished,Plot,Medium,18393000.0
Kurnool,4063,1,3,2,13,Yes,Yes,0,Semi Furnished,Independent House,High,29334000.0
Anantapur,1422,4,4,2,2,Yes,No,0,Unfurnished,Villa,Medium,12077000.0
Chennai,4732,1,1,1,28,Yes,Yes,0,Unfurnished,Independent House,Medium,43923000.0
Kadapa,4962,2,2,4,11,No,Yes,0,Semi Furnished,Villa,High,41376000.0
Hyderabad,3459,1,4,3,19,Yes,No,1,Semi Furnished,Villa,Medium,47900000.0
Vijayawada,683,1,1,2,17,Yes,Yes,2,Semi Furnished,Independent House,Low,5004000.0
Anantapur,3858,1,4,3,11,No,Yes,0,Semi Furnished,Independent House,High,26547000.0
Tirupati,1898,3,4,3,1,No,Yes,2,Fully Furnished,Independent House,Medium,19675000.0
Rajahmundry,3296,3,2,2,1,No,Yes,2,Semi Furnished,Plot,Low,14729000.0
Hyderabad,1036,4,3,1,26,No,Yes,3,Unfurnished,Independent House,High,11885000.0
Chennai,1773,2,3,2,16,Yes,Yes,2,Unfurnished,Apartment,Medium,16722000.0
Ongole,3467,1,1,2,9,Yes,Yes,1,Unfurnished,Independent House,High,22845000.0
Kadapa,3549,1,1,4,17,Yes,Yes,1,Unfurnished,Villa,Low,20585000.0
Vijayawada,1596,1,1,3,21,Yes,Yes,0,Unfurnished,Plot,High,8475000.0
Kakinada,1805,1,2,1,18,Yes,Yes,2,Semi Furnished,Plot,Medium,8056000.0
Pune,1415,3,3,3,25,Yes,Yes,1,Semi Furnished,Villa,Low,17784000.0
Visakhapatnam,3581,4,1,2,20,No,Yes,1,Fully Furnished,Plot,High,27611000.0
Kurnool,4747,5,1,1,0,Yes,Yes,1,Fully Furnished,Plot,Medium,23776000.0
Nellore,1528,2,4,1,23,Yes,Yes,0,Fully Furnished,Apartment,Medium,10094000.0
Nellore,2477,1,4,1,28,Yes,Yes,1,Semi Furnished,Apartment,Low,13407000.0
Bengaluru,3854,4,1,1,3,No,Yes,2,Fully Furnished,Plot,Low,33433000.0
Pune,3011,5,4,4,24,Yes,Yes,1,Semi Furnished,Independent House,High,41288000.0
Kakinada,770,4,4,1,3,Yes,Yes,1,Unfurnished,Plot,Medium,6082000.0
Visakhapatnam,1686,3,4,2,29,Yes,Yes,0,Semi Furnished,Apartment,Low,12287000.0
Pune,4700,5,2,4,30,Yes,Yes,2,Semi Furnished,Plot,Medium,36204000.0
Ongole,4264,4,1,2,30,Yes,Yes,1,Unfurnished,Independent House,High,26897000.0
Visakhapatnam,2898,3,1,2,30,No,Yes,2,Unfurnished,Independent House,Low,20018000.0
Delhi,4735,4,4,3,1,No,Yes,2,Unfurnished,Apartment,High,65081000.0
Delhi,4682,4,2,1,18,No,Yes,1,Fully Furnished,Plot,High,55391000.0
Pune,2211,5,4,1,20,Yes,Yes,0,Fully Furnished,Apartment,Low,24931000.0
Visakhapatnam,2730,3,2,2,11,No,Yes,2,Fully Furnished,Villa,High,40880000.0
Visakhapatnam,628,1,1,1,9,No,Yes,3,Unfurnished,Apartment,Medium,4982000.0
Kurnool,1769,2,4,4,30,No,Yes,1,Fully Furnished,Apartment,Low,9443000.0
Hyderabad,4172,5,1,3,12,Yes,Yes,2,Unfurnished,Apartment,Medium,39413000.0
Bengaluru,2101,3,2,1,28,No,No,2,Unfurnished,Plot,High,17246000.0
Kakinada,4470,4,3,1,29,Yes,Yes,2,Unfurnished,Villa,Low,31824000.0
Tirupati,4744,3,2,4,21,No,Yes,1,Fully Furnished,Plot,Medium,27982000.0
Chennai,1127,2,3,3,22,Yes,Yes,3,Fully Furnished,Independent House,Medium,13970000.0
Nellore,4297,2,1,4,19,Yes,Yes,2,Unfurnished,Villa,Medium,32359000.0
Vijayawada,2544,1,1,2,22,No,Yes,2,Fully Furnished,Apartment,Medium,21170000.0
Kadapa,4052,1,4,2,14,Yes,Yes,0,Semi Furnished,Apartment,Medium,21507000.0
Kakinada,2841,2,3,1,25,Yes,Yes,1,Fully Furnished,Apartment,High,23555000.0
Visakhapatnam,3714,5,2,3,2,No,Yes,1,Unfurnished,Plot,High,26339000.0
Kakinada,749,5,1,2,22,No,Yes,2,Unfurnished,Independent House,High,6014000.0
Visakhapatnam,3425,4,3,4,19,Yes,Yes,0,Unfurnished,Villa,High,41776000.0
Vijayawada,1474,1,2,2,28,No,Yes,2,Semi Furnished,Villa,High,16554000.0
Srikakulam,1825,4,3,2,12,Yes,No,2,Unfurnished,Plot,High,8655000.0
Ongole,1483,1,2,4,7,Yes,Yes,1,Unfurnished,Independent House,High,10811000.0
Kakinada,1388,2,2,1,24,Yes,Yes,0,Fully Furnished,Villa,Medium,12628000.0
Bengaluru,3437,5,2,3,6,Yes,Yes,2,Semi Furnished,Plot,High,36079000.0
Rajahmundry,2617,5,2,1,23,Yes,Yes,1,Fully Furnished,Independent House,Medium,20108000.0
Nellore,3172,2,3,4,7,Yes,Yes,2,Unfurnished,Independent House,Low,19148000.0
Kadapa,1826,4,3,2,17,No,Yes,2,Unfurnished,Villa,High,14873000.0
Vijayawada,970,4,4,3,8,Yes,No,0,Semi Furnished,Villa,Medium,11715000.0
Bengaluru,2487,3,3,1,5,No,Yes,0,Unfurnished,Independent House,Low,26700000.0
Kurnool,590,1,3,4,26,No,Yes,0,Semi Furnished,Villa,Low,3595000.0
Rajahmundry,1029,4,4,2,3,Yes,Yes,2,Fully Furnished,Plot,Medium,7979000.0
Nellore,4559,2,3,2,14,No,Yes,3,Semi Furnished,Independent House,Medium,31128000.0
Mumbai,3273,4,2,1,4,No,Yes,0,Fully Furnished,Villa,Medium,75760000.0
Delhi,2186,5,1,4,25,Yes,Yes,3,Unfurnished,Villa,High,39267000.0
Kurnool,691,1,1,2,4,Yes,Yes,3,Fully Furnished,Plot,Low,3385000.0
Nellore,2486,3,4,2,6,No,Yes,3,Fully Furnished,Villa,High,29434000.0
Mumbai,4123,1,3,3,29,No,Yes,1,Fully Furnished,Villa,High,108723000.0
Hyderabad,2685,5,3,2,8,No,Yes,2,Semi Furnished,Villa,High,45235000.0
Nellore,4940,5,4,1,6,Yes,Yes,0,Fully Furnished,Apartment,Low,33258000.0
Hyderabad,1508,5,1,4,8,Yes,Yes,2,Semi Furnished,Plot,Low,12128000.0
Pune,4283,5,2,4,19,Yes,Yes,2,Semi Furnished,Plot,Low,30384000.0
Delhi,4798,2,3,3,9,Yes,Yes,1,Semi Furnished,Apartment,Medium,59637000.0
Rajahmundry,4787,3,4,4,29,Yes,Yes,1,Unfurnished,Plot,High,22381000.0
Hyderabad,2552,5,2,1,25,Yes,Yes,1,Unfurnished,Villa,Medium,31855000.0
Visakhapatnam,3808,5,4,2,3,Yes,Yes,2,Unfurnished,Villa,Medium,41199000.0
Rajahmundry,2216,4,4,3,5,No,Yes,3,Semi Furnished,Villa,High,23745000.0
Vijayawada,810,3,4,4,23,Yes,Yes,2,Unfurnished,Plot,Low,4921000.0
Rajahmundry,1760,1,1,3,13,Yes,Yes,1,Fully Furnished,Plot,High,10201000.0
Hyderabad,4432,3,1,3,8,No,Yes,2,Semi Furnished,Independent House,Medium,49584000.0
Hyderabad,3768,3,4,4,0,No,Yes,1,Unfurnished,Apartment,Low,33159000.0
Guntur,1084,3,3,3,16,Yes,Yes,1,Semi Furnished,Plot,Low,6133000.0
Kurnool,3299,5,2,4,12,Yes,Yes,0,Unfurnished,Independent House,Medium,20172000.0
Mumbai,859,5,3,1,23,No,Yes,3,Fully Furnished,Apartment,Low,14554000.0
Rajahmundry,3366,2,1,4,26,Yes,No,1,Semi Furnished,Apartment,Low,17366000.0
Guntur,2511,1,2,2,6,No,Yes,0,Unfurnished,Villa,High,24236000.0
Mumbai,4506,4,4,4,8,Yes,No,3,Unfurnished,Villa,High,98787000.0
Kakinada,2125,3,3,2,10,Yes,Yes,1,Fully Furnished,Independent House,Medium,17303000.0
Hyderabad,3264,1,3,3,2,Yes,Yes,3,Fully Furnished,Independent House,Medium,41905000.0
Kadapa,1390,1,4,4,25,Yes,Yes,3,Unfurnished,Villa,Medium,8973000.0
Hyderabad,1231,2,3,2,11,Yes,Yes,2,Unfurnished,Villa,Low,14362000.0
Ongole,4461,4,1,4,20,Yes,Yes,0,Semi Furnished,Apartment,Medium,26260000.0
Tirupati,3004,3,4,4,2,No,Yes,3,Semi Furnished,Apartment,High,28422000.0
Kurnool,1114,4,3,4,14,Yes,Yes,2,Unfurnished,Plot,Low,5532000.0
Anantapur,4306,2,4,1,20,Yes,Yes,3,Fully Furnished,Villa,Medium,35802000.0
Nellore,2219,5,2,2,9,No,Yes,2,Semi Furnished,Apartment,Low,14081000.0
Kadapa,2087,1,4,1,0,Yes,Yes,1,Unfurnished,Independent House,Low,11793000.0
Hyderabad,2111,3,3,1,13,No,Yes,1,Fully Furnished,Apartment,Low,22254000.0
Ongole,1396,5,1,2,26,No,Yes,2,Fully Furnished,Villa,Medium,12704000.0
Ongole,777,2,4,4,19,Yes,Yes,1,Unfurnished,Apartment,Low,4075000.0
Kadapa,2136,4,4,1,5,Yes,Yes,1,Unfurnished,Villa,Low,14746000.0
Anantapur,2658,1,3,1,1,No,Yes,1,Semi Furnished,Apartment,Low,14160000.0
Delhi,2932,3,1,1,28,Yes,Yes,3,Unfurnished,Plot,High,27405000.0
Tirupati,4404,5,1,4,22,Yes,Yes,2,Semi Furnished,Plot,Medium,23599000.0
Vijayawada,3762,5,2,1,7,No,Yes,0,Fully Furnished,Independent House,High,42129000.0
Chennai,1949,1,2,3,0,No,No,0,Semi Furnished,Independent House,Low,19611000.0
Hyderabad,5000,4,3,2,28,No,No,2,Unfurnished,Villa,Low,54971000.0
Srikakulam,1732,2,1,3,3,Yes,Yes,3,Semi Furnished,Villa,High,16173000.0
Anantapur,4617,4,1,4,26,Yes,Yes,1,Fully Furnished,Villa,Low,33755000.0
Vijayawada,1177,4,2,1,3,Yes,Yes,1,Fully Furnished,Apartment,High,13298000.0
Hyderabad,3158,4,2,2,28,Yes,Yes,3,Unfurnished,Apartment,Low,25806000.0
Chennai,2528,1,3,1,4,Yes,No,0,Semi Furnished,Apartment,Low,23801000.0
Pune,4258,1,1,4,29,Yes,Yes,2,Unfurnished,Independent House,Low,37441000.0
Kakinada,2537,2,4,2,27,Yes,Yes,2,Unfurnished,Villa,Low,17921000.0
Pune,3149,4,2,3,27,Yes,Yes,3,Fully Furnished,Apartment,Medium,36916000.0
Rajahmundry,1156,1,3,2,19,Yes,Yes,1,Semi Furnished,Independent House,Medium,7043000.0
Vijayawada,665,2,1,1,8,Yes,Yes,1,Unfurnished,Plot,Medium,4189000.0
Hyderabad,1089,2,1,2,22,No,Yes,1,Fully Furnished,Villa,High,18870000.0
Visakhapatnam,3321,4,2,4,12,Yes,Yes,2,Unfurnished,Plot,High,23038000.0
Mumbai,4758,3,3,4,17,No,Yes,0,Semi Furnished,Independent House,High,91895000.0
Kurnool,1762,4,4,2,16,No,Yes,2,Unfurnished,Villa,High,15900000.0
Anantapur,571,3,2,4,24,Yes,Yes,3,Semi Furnished,Apartment,Medium,3937000.0
Ongole,4016,2,3,4,0,Yes,Yes,2,Fully Furnished,Independent House,High,35509000.0
Kakinada,4080,1,1,4,21,Yes,Yes,3,Fully Furnished,Plot,High,24092000.0
Vijayawada,768,5,4,3,14,No,Yes,2,Unfurnished,Plot,High,6458000.0
Bengaluru,2276,2,3,1,30,Yes,Yes,0,Fully Furnished,Plot,Low,18244000.0
Nellore,2962,1,4,4,1,No,Yes,3,Unfurnished,Independent House,High,23017000.0
Tirupati,1768,2,3,2,15,No,Yes,1,Unfurnished,Independent House,Low,11588000.0
Tirupati,1515,4,3,4,19,No,Yes,1,Semi Furnished,Villa,High,18629000.0
Delhi,3222,3,3,3,21,Yes,Yes,2,Unfurnished,Villa,High,58239000.0
Tirupati,1583,2,3,2,4,No,Yes,2,Semi Furnished,Plot,Low,8641000.0
Pune,4601,1,4,1,26,No,Yes,0,Unfurnished,Independent House,High,54347000.0
Srikakulam,906,4,2,2,21,Yes,Yes,0,Semi Furnished,Villa,Low,6379000.0
Pune,3576,5,4,2,18,Yes,Yes,1,Fully Furnished,Independent House,High,54557000.0
Ongole,1485,4,3,2,4,Yes,Yes,2,Unfurnished,Apartment,High,11459000.0
Guntur,4103,3,4,2,1,Yes,Yes,3,Semi Furnished,Independent House,Low,28825000.0
Delhi,4985,4,4,4,6,No,Yes,0,Unfurnished,Plot,Medium,42820000.0
Delhi,1209,5,4,1,2,Yes,Yes,3,Semi Furnished,Independent House,Low,17708000.0
Chennai,3118,1,3,4,16,No,Yes,3,Semi Furnished,Plot,Medium,22575000.0
Bengaluru,1911,2,4,3,29,No,Yes,0,Unfurnished,Villa,Low,23729000.0
Srikakulam,1985,3,1,3,23,Yes,Yes,2,Unfurnished,Villa,Medium,13017000.0
Tirupati,3450,5,3,2,23,Yes,Yes,3,Fully Furnished,Villa,High,45410000.0
Visakhapatnam,3434,3,4,4,2,Yes,Yes,2,Fully Furnished,Apartment,Medium,33408000.0
Srikakulam,4614,4,1,4,12,No,Yes,3,Fully Furnished,Plot,High,24033000.0
Anantapur,1503,3,4,1,6,Yes,Yes,2,Unfurnished,Apartment,Low,8743000.0
Kadapa,2966,5,2,1,24,Yes,Yes,2,Fully Furnished,Apartment,Medium,17738000.0
Guntur,2966,2,4,1,23,Yes,Yes,2,Semi Furnished,Villa,High,31260000.0
Kurnool,2438,2,4,4,2,No,Yes,2,Unfurnished,Plot,Low,10809000.0
Bengaluru,2439,3,2,1,14,No,No,0,Semi Furnished,Independent House,Medium,30446000.0
Bengaluru,2135,1,3,1,28,Yes,Yes,3,Semi Furnished,Independent House,High,29732000.0
Kadapa,2198,3,2,1,17,Yes,Yes,2,Semi Furnished,Plot,Medium,9425000.0
Vijayawada,2591,4,3,2,28,No,Yes,1,Unfurnished,Independent House,Medium,18903000.0
Chennai,2395,2,2,3,9,Yes,Yes,3,Unfurnished,Villa,High,35128000.0
Vijayawada,4740,2,4,3,22,Yes,Yes,3,Fully Furnished,Villa,High,63967000.0
Tirupati,3898,2,4,4,6,Yes,Yes,2,Fully Furnished,Apartment,Low,30443000.0
Pune,1573,1,3,4,8,Yes,Yes,3,Fully Furnished,Villa,High,30930000.0
Visakhapatnam,2902,1,3,2,4,Yes,Yes,1,Fully Furnished,Independent House,High,35367000.0
Hyderabad,3712,5,1,3,19,Yes,Yes,1,Semi Furnished,Apartment,Medium,38550000.0
Kakinada,4537,3,1,1,7,Yes,Yes,1,Unfurnished,Plot,High,23072000.0
Anantapur,1651,3,4,1,13,Yes,Yes,3,Fully Furnished,Plot,Medium,8814000.0
Bengaluru,2945,4,4,4,3,Yes,Yes,3,Semi Furnished,Apartment,Medium,37035000.0
Kadapa,2456,2,1,3,19,Yes,Yes,2,Unfurnished,Villa,High,18196000.0
Vijayawada,4407,1,1,4,27,Yes,Yes,3,Unfurnished,Apartment,High,33897000.0
Bengaluru,1307,4,3,4,13,Yes,Yes,3,Unfurnished,Apartment,High,18365000.0
Chennai,686,4,2,1,11,No,Yes,2,Semi Furnished,Villa,High,12577000.0
Kadapa,1807,1,3,1,1,Yes,Yes,1,Fully Furnished,Plot,Low,8413000.0
Visakhapatnam,2784,3,1,3,12,No,Yes,2,Unfurnished,Apartment,Medium,21448000.0
Pune,1257,2,4,4,30,Yes,Yes,0,Semi Furnished,Plot,Low,8433000.0
Srikakulam,4731,3,1,2,0,Yes,Yes,3,Unfurnished,Independent House,Low,22410000.0
Bengaluru,4354,4,4,3,19,Yes,Yes,3,Semi Furnished,Villa,Medium,68633000.0
Mumbai,4766,2,4,4,6,Yes,Yes,0,Fully Furnished,Independent House,Low,80071000.0
Nellore,2706,5,4,3,27,No,Yes,0,Fully Furnished,Plot,High,16269000.0
Kurnool,4058,4,4,3,24,Yes,Yes,0,Unfurnished,Independent House,High,26222000.0
Nellore,2080,3,2,3,8,Yes,Yes,2,Fully Furnished,Independent House,High,19817000.0
Visakhapatnam,1461,3,1,2,27,No,Yes,1,Fully Furnished,Independent House,High,16087000.0
Guntur,4347,3,3,2,25,Yes,Yes,2,Semi Furnished,Apartment,Medium,28829000.0
Kurnool,4075,1,4,1,30,Yes,Yes,0,Semi Furnished,Apartment,High,26149000.0
Bengaluru,1375,4,4,1,16,Yes,Yes,2,Unfurnished,Villa,Medium,21087000.0
Vijayawada,2918,2,3,4,20,Yes,Yes,3,Semi Furnished,Plot,Medium,16714000.0
Visakhapatnam,4698,3,3,3,22,Yes,Yes,2,Fully Furnished,Plot,Medium,30954000.0
Pune,1501,3,4,4,12,Yes,Yes,0,Semi Furnished,Villa,Medium,22316000.0
Srikakulam,3884,1,3,1,22,Yes,Yes,3,Fully Furnished,Plot,Low,14439000.0
Delhi,4566,2,3,2,9,Yes,Yes,1,Unfurnished,Plot,Low,33661000.0
Bengaluru,3345,4,2,1,15,No,Yes,2,Fully Furnished,Independent House,High,55473000.0
Srikakulam,1981,5,3,4,5,No,Yes,2,Semi Furnished,Independent House,Medium,13774000.0
Mumbai,3801,1,1,1,15,No,Yes,0,Semi Furnished,Plot,High,47586000.0
Rajahmundry,1157,4,1,4,10,No,Yes,1,Semi Furnished,Villa,High,11561000.0
Chennai,3280,5,1,4,25,No,Yes,3,Semi Furnished,Villa,High,51645000.0
Pune,922,3,4,4,19,No,Yes,0,Unfurnished,Plot,High,8431000.0
Rajahmundry,4181,3,1,4,2,Yes,Yes,0,Fully Furnished,Villa,Medium,39559000.0
Bengaluru,4766,2,2,1,27,Yes,Yes,2,Semi Furnished,Villa,Medium,72246000.0
Chennai,3210,5,1,4,28,Yes,No,1,Fully Furnished,Independent House,Low,34484000.0
Delhi,952,3,4,4,8,Yes,Yes,0,Unfurnished,Villa,Medium,15937000.0
Anantapur,2897,3,2,3,14,No,Yes,2,Fully Furnished,Apartment,Medium,18460000.0
Visakhapatnam,2475,2,1,4,27,Yes,Yes,3,Semi Furnished,Independent House,High,25647000.0
Srikakulam,2157,4,2,1,12,Yes,Yes,0,Fully Furnished,Apartment,Medium,12852000.0
Visakhapatnam,3041,3,2,4,9,Yes,No,3,Semi Furnished,Plot,High,22577000.0
Chennai,3575,1,4,2,19,Yes,Yes,3,Semi Furnished,Villa,Medium,47569000.0
Bengaluru,3664,1,4,2,23,Yes,Yes,2,Unfurnished,Apartment,Low,33822000.0
Chennai,3466,4,2,4,12,Yes,Yes,1,Unfurnished,Villa,High,49892000.0
Anantapur,2553,5,1,2,16,Yes,Yes,3,Fully Furnished,Apartment,Medium,16223000.0
Pune,787,2,4,2,6,Yes,Yes,0,Fully Furnished,Independent House,Medium,11489000.0
Srikakulam,3717,1,2,1,27,Yes,Yes,1,Semi Furnished,Plot,High,15226000.0
Tirupati,4354,1,3,3,5,Yes,Yes,1,Semi Furnished,Apartment,Low,29678000.0
Kakinada,1947,4,3,2,12,No,Yes,2,Semi Furnished,Independent House,Low,13869000.0
Kurnool,1107,5,4,2,27,Yes,Yes,0,Semi Furnished,Plot,Medium,5751000.0
Mumbai,2264,5,1,3,16,Yes,Yes,0,Unfurnished,Apartment,Medium,31366000.0
Vijayawada,1725,4,3,3,14,No,Yes,2,Semi Furnished,Apartment,Medium,14312000.0
Rajahmundry,1735,1,3,2,3,Yes,Yes,2,Unfurnished,Independent House,High,13455000.0
Kadapa,1529,2,3,4,27,Yes,Yes,1,Fully Furnished,Plot,High,6507000.0
Hyderabad,3171,1,1,2,14,Yes,Yes,3,Fully Furnished,Plot,High,30709000.0
Pune,4462,5,1,4,13,No,Yes,3,Unfurnished,Independent House,Medium,46805000.0
Rajahmundry,3677,1,4,4,20,Yes,Yes,3,Semi Furnished,Villa,Low,26998000.0
Delhi,4222,2,4,4,10,Yes,Yes,3,Fully Furnished,Independent House,High,76658000.0
Delhi,1975,3,3,3,23,No,Yes,0,Unfurnished,Plot,Low,14698000.0
Chennai,3396,1,1,2,30,Yes,Yes,0,Fully Furnished,Independent House,Medium,38681000.0
Bengaluru,1308,4,2,2,3,No,Yes,2,Semi Furnished,Villa,High,25273000.0
Kurnool,1478,3,3,1,2,Yes,Yes,2,Unfurnished,Independent House,High,11315000.0
Kadapa,2963,4,4,3,1,Yes,Yes,3,Fully Furnished,Independent House,High,25418000.0
Hyderabad,1225,4,1,1,19,No,Yes,2,Semi Furnished,Apartment,Medium,12514000.0
Guntur,3001,4,4,1,26,Yes,Yes,0,Unfurnished,Villa,Medium,24150000.0
Kurnool,3862,1,4,4,9,No,Yes,3,Unfurnished,Plot,Medium,14861000.0
Kakinada,1716,5,1,3,29,No,Yes,3,Unfurnished,Villa,Low,12170000.0
Rajahmundry,4551,3,3,1,12,Yes,Yes,0,Unfurnished,Plot,Low,17588000.0
Kadapa,2697,2,1,2,19,No,Yes,1,Fully Furnished,Plot,High,13138000.0
Kakinada,3306,5,3,1,28,Yes,Yes,3,Unfurnished,Apartment,High,23455000.0
Pune,1278,1,4,3,25,No,Yes,2,Unfurnished,Villa,Medium,16216000.0
Srikakulam,1472,4,1,2,20,Yes,Yes,1,Unfurnished,Apartment,Medium,7131000.0
Chennai,3310,2,2,2,28,Yes,Yes,0,Unfurnished,Independent House,Medium,30574000.0
Bengaluru,2623,3,3,2,22,Yes,Yes,1,Unfurnished,Villa,High,43802000.0
Mumbai,1098,5,2,4,24,Yes,Yes,1,Semi Furnished,Independent House,Medium,19005000.0
Guntur,3841,5,3,2,17,Yes,Yes,3,Fully Furnished,Villa,Low,36171000.0
Ongole,724,2,1,4,20,No,Yes,1,Semi Furnished,Plot,Low,2572000.0
Rajahmundry,1340,1,2,4,15,No,Yes,2,Fully Furnished,Independent House,High,11580000.0
Delhi,2314,3,1,1,10,Yes,Yes,3,Unfurnished,Villa,High,42048000.0
Guntur,1606,2,3,1,9,Yes,Yes,0,Fully Furnished,Villa,Low,15797000.0
Vijayawada,624,4,3,2,8,No,Yes,2,Unfurnished,Independent House,Medium,6504000.0
Guntur,3746,3,3,3,11,Yes,Yes,3,Unfurnished,Apartment,High,28115000.0
Guntur,3431,5,3,2,29,Yes,Yes,1,Semi Furnished,Villa,High,36598000.0
Kakinada,4625,2,4,1,28,Yes,Yes,2,Semi Furnished,Apartment,High,34936000.0
Hyderabad,3471,5,3,2,18,Yes,Yes,3,Semi Furnished,Apartment,Low,33525000.0
Guntur,2517,5,2,1,0,Yes,Yes,3,Fully Furnished,Apartment,High,25236000.0
Hyderabad,2915,5,3,2,17,No,Yes,0,Fully Furnished,Apartment,Low,30618000.0
Anantapur,3596,1,1,3,13,Yes,Yes,3,Semi Furnished,Apartment,Low,17546000.0
Vijayawada,2109,5,4,2,21,Yes,Yes,0,Semi Furnished,Plot,Medium,12360000.0
Kurnool,1217,4,2,3,20,No,Yes,1,Unfurnished,Apartment,Medium,6187000.0
Anantapur,4061,4,4,3,0,Yes,Yes,3,Fully Furnished,Plot,Medium,20849000.0
Chennai,1516,3,4,2,16,Yes,Yes,3,Unfurnished,Villa,High,22786000.0
Delhi,4065,5,4,3,10,Yes,Yes,1,Fully Furnished,Plot,Low,39272000.0
Bengaluru,4970,5,1,3,19,Yes,Yes,3,Semi Furnished,Plot,High,49087000.0
Vijayawada,2460,2,4,1,27,Yes,Yes,3,Fully Furnished,Apartment,Low,18431000.0
Ongole,1548,1,4,1,14,Yes,Yes,2,Fully Furnished,Villa,High,16854000.0
Srikakulam,1857,3,3,3,3,Yes,Yes,0,Unfurnished,Villa,Low,12024000.0
Pune,3926,5,1,4,14,Yes,Yes,3,Semi Furnished,Villa,Medium,56995000.0
Rajahmundry,615,2,2,2,21,Yes,Yes,3,Semi Furnished,Independent House,Medium,4629000.0
Kadapa,2595,1,2,3,21,No,No,0,Semi Furnished,Plot,High,10692000.0
Visakhapatnam,2301,3,2,2,25,Yes,Yes,2,Unfurnished,Apartment,Low,15086000.0
Kurnool,2646,3,1,1,13,Yes,Yes,0,Unfurnished,Independent House,Medium,15245000.0
Kakinada,2120,5,2,2,21,No,Yes,3,Unfurnished,Apartment,Low,11444000.0
Kurnool,3450,3,1,3,0,Yes,Yes,1,Fully Furnished,Independent House,High,29035000.0
Kakinada,4292,2,3,3,25,Yes,Yes,1,Fully Furnished,Villa,Medium,41080000.0
Anantapur,3441,3,3,3,8,Yes,Yes,2,Unfurnished,Independent House,High,23269000.0
Kakinada,1477,4,1,3,26,No,Yes,2,Unfurnished,Villa,High,12898000.0
Delhi,3566,2,2,4,6,Yes,Yes,3,Semi Furnished,Independent House,Low,45029000.0
Srikakulam,1283,1,1,4,22,Yes,Yes,2,Fully Furnished,Apartment,High,8237000.0
Rajahmundry,740,1,1,4,10,Yes,Yes,3,Fully Furnished,Apartment,High,7044000.0
Rajahmundry,2053,5,4,3,22,Yes,Yes,1,Semi Furnished,Independent House,Low,13947000.0
Delhi,1512,5,1,4,1,No,Yes,2,Semi Furnished,Plot,Low,14515000.0
Bengaluru,686,4,4,2,1,Yes,Yes,3,Semi Furnished,Plot,High,9836000.0
Anantapur,2381,1,3,3,5,Yes,Yes,0,Unfurnished,Independent House,Medium,13616000.0
Kadapa,930,1,4,1,22,No,Yes,2,Unfurnished,Plot,Medium,2901000.0
Mumbai,738,1,1,3,18,Yes,No,3,Unfurnished,Apartment,Low,8627000.0
Tirupati,2845,1,3,2,28,Yes,Yes,3,Unfurnished,Plot,High,15414000.0
Kurnool,575,3,4,4,19,Yes,Yes,0,Unfurnished,Independent House,Medium,4193000.0
Visakhapatnam,1856,2,1,3,13,No,Yes,1,Fully Furnished,Plot,Low,11168000.0
Kakinada,2830,2,3,4,27,No,Yes,0,Fully Furnished,Independent House,Low,19618000.0
Ongole,2402,4,4,3,2,No,Yes,3,Fully Furnished,Apartment,Low,17122000.0
Chennai,4513,3,1,2,6,Yes,Yes,0,Semi Furnished,Villa,High,71545000.0
Kadapa,2559,1,1,3,6,Yes,Yes,0,Fully Furnished,Apartment,Low,14046000.0
Delhi,640,1,2,4,3,Yes,Yes,3,Semi Furnished,Apartment,Medium,10127000.0
Srikakulam,2289,5,2,4,28,No,Yes,1,Fully Furnished,Independent House,High,16605000.0
Srikakulam,4126,5,4,2,22,Yes,Yes,0,Unfurnished,Apartment,Medium,20562000.0
Hyderabad,516,4,4,3,4,Yes,Yes,0,Fully Furnished,Apartment,Medium,8792000.0
Hyderabad,4848,1,4,1,16,No,Yes,2,Unfurnished,Plot,Medium,31537000.0
Chennai,964,4,1,3,25,Yes,Yes,2,Unfurnished,Independent House,High,11116000.0
Tirupati,4971,3,4,2,3,Yes,Yes,3,Fully Furnished,Plot,Medium,30869000.0
Hyderabad,2327,2,1,1,22,No,Yes,3,Fully Furnished,Independent House,Low,24891000.0
Rajahmundry,3528,1,4,2,12,Yes,Yes,3,Unfurnished,Plot,Low,13562000.0
Srikakulam,1019,3,1,3,15,Yes,No,2,Semi Furnished,Plot,Medium,4125000.0
Delhi,589,1,1,1,15,Yes,No,3,Semi Furnished,Villa,Low,7936000.0
Kurnool,3351,5,2,2,30,Yes,Yes,0,Fully Furnished,Apartment,High,24564000.0
Delhi,3343,4,3,4,1,Yes,Yes,0,Unfurnished,Plot,High,34534000.0
Nellore,2384,5,1,1,17,Yes,Yes,1,Semi Furnished,Villa,Low,18794000.0
Kakinada,4671,2,4,1,0,Yes,No,3,Fully Furnished,Plot,Low,23959000.0
Visakhapatnam,1425,5,2,2,17,No,Yes,0,Fully Furnished,Plot,High,12014000.0
Ongole,4234,1,4,4,25,Yes,Yes,0,Unfurnished,Villa,Medium,28999000.0
Visakhapatnam,1469,5,4,1,29,Yes,Yes,1,Semi Furnished,Villa,High,20405000.0
Bengaluru,1594,1,1,2,7,Yes,Yes,0,Fully Furnished,Villa,Medium,28086000.0
Guntur,3695,2,1,1,10,No,Yes,1,Semi Furnished,Apartment,Low,21837000.0
Anantapur,1904,5,3,1,23,Yes,Yes,1,Fully Furnished,Apartment,Low,10941000.0
Srikakulam,3864,4,1,1,23,No,Yes,2,Fully Furnished,Plot,Medium,15659000.0
Pune,4790,4,1,4,14,No,Yes,0,Semi Furnished,Apartment,Medium,50658000.0
Nellore,4482,4,3,3,15,No,Yes,2,Semi Furnished,Villa,High,45562000.0
Tirupati,4823,5,4,3,16,No,Yes,0,Unfurnished,Independent House,Medium,35690000.0
Srikakulam,4513,5,3,4,16,Yes,Yes,2,Unfurnished,Apartment,Low,20342000.0
Delhi,3592,5,3,4,11,No,Yes,1,Unfurnished,Villa,Low,50761000.0
Pune,4659,1,3,2,9,No,Yes,1,Unfurnished,Villa,Low,53994000.0
Kakinada,2574,2,2,1,19,No,Yes,1,Semi Furnished,Villa,Medium,21709000.0
Tirupati,784,4,4,4,5,Yes,Yes,1,Unfurnished,Villa,Medium,9453000.0
Vijayawada,1687,1,2,2,7,Yes,Yes,0,Semi Furnished,Plot,Low,8453000.0
Tirupati,4469,4,2,3,12,Yes,Yes,3,Fully Furnished,Villa,Medium,50732000.0
Vijayawada,3465,1,1,3,1,Yes,Yes,0,Semi Furnished,Villa,High,42658000.0
Bengaluru,4819,5,3,3,28,No,Yes,2,Unfurnished,Plot,High,42355000.0
Vijayawada,1283,4,3,3,18,No,Yes,0,Semi Furnished,Apartment,Medium,10366000.0
Tirupati,1449,5,2,2,21,Yes,Yes,0,Semi Furnished,Independent House,Medium,11778000.0
Kurnool,4439,4,1,1,9,No,Yes,2,Semi Furnished,Plot,Low,17207000.0
Anantapur,544,3,1,2,3,Yes,Yes,1,Semi Furnished,Plot,Medium,3688000.0
Ongole,2310,1,1,1,11,Yes,Yes,2,Semi Furnished,Apartment,Low,11851000.0
Srikakulam,2581,3,4,3,17,Yes,Yes,2,Unfurnished,Apartment,High,15057000.0
Visakhapatnam,3998,1,2,4,6,Yes,Yes,3,Semi Furnished,Villa,Medium,45547000.0
Hyderabad,1329,2,4,4,19,No,Yes,3,Unfurnished,Apartment,High,14956000.0
Delhi,2409,4,1,4,23,Yes,Yes,1,Fully Furnished,Independent House,Medium,36067000.0
Rajahmundry,3081,2,1,1,23,Yes,Yes,2,Semi Furnished,Plot,Medium,12838000.0
Bengaluru,1191,2,1,3,22,Yes,Yes,2,Fully Furnished,Independent House,Low,14388000.0
Guntur,4519,1,3,2,25,Yes,Yes,2,Unfurnished,Villa,Low,31986000.0
Visakhapatnam,1431,3,2,4,24,No,Yes,0,Semi Furnished,Independent House,Medium,13054000.0
Rajahmundry,3906,5,3,1,3,Yes,Yes,3,Fully Furnished,Villa,Medium,37639000.0
Tirupati,647,1,4,4,6,Yes,Yes,3,Unfurnished,Independent House,Low,5739000.0
Mumbai,1532,5,3,2,9,No,Yes,1,Fully Furnished,Plot,High,23972000.0
Ongole,1811,2,2,3,25,Yes,Yes,3,Semi Furnished,Independent House,Medium,11121000.0
Srikakulam,887,5,3,2,14,No,Yes,3,Semi Furnished,Apartment,Low,6366000.0
Chennai,3621,3,1,3,11,Yes,Yes,1,Semi Furnished,Independent House,Medium,39242000.0
Chennai,2373,1,4,3,0,Yes,Yes,2,Unfurnished,Plot,Low,15825000.0
Vijayawada,4088,3,4,3,19,No,Yes,0,Fully Furnished,Villa,High,55471000.0
Nellore,1415,3,1,4,17,No,Yes,1,Unfurnished,Independent House,Medium,8705000.0
Nellore,2378,1,1,2,24,Yes,Yes,3,Fully Furnished,Independent House,Medium,17272000.0
Kurnool,4248,3,1,4,15,Yes,Yes,1,Unfurnished,Apartment,High,25947000.0
Hyderabad,777,4,2,2,4,No,Yes,3,Semi Furnished,Villa,Medium,12784000.0
Kakinada,2477,4,3,1,18,Yes,No,2,Fully Furnished,Villa,Medium,24286000.0
Bengaluru,2359,4,4,1,3,Yes,Yes,2,Fully Furnished,Villa,Medium,43106000.0
Chennai,3536,5,3,2,5,Yes,Yes,2,Fully Furnished,Plot,Low,27926000.0
Anantapur,3871,3,1,2,25,Yes,Yes,3,Unfurnished,Plot,Low,11940000.0
Vijayawada,2682,1,1,2,16,Yes,Yes,1,Semi Furnished,Apartment,Medium,20160000.0
Anantapur,1670,1,3,2,6,No,Yes,3,Fully Furnished,Independent House,High,14170000.0
Kurnool,989,5,4,3,23,Yes,Yes,2,Unfurnished,Plot,High,5889000.0
Pune,3025,1,2,4,22,No,Yes,2,Fully Furnished,Villa,Medium,47483000.0
Vijayawada,1682,4,3,3,6,Yes,Yes,2,Semi Furnished,Independent House,Low,14916000.0
Visakhapatnam,4979,3,1,4,8,Yes,Yes,3,Fully Furnished,Independent House,Low,45566000.0
Nellore,4758,1,1,4,12,Yes,Yes,0,Semi Furnished,Independent House,Medium,32079000.0
Nellore,2988,1,2,4,19,Yes,Yes,2,Unfurnished,Apartment,Low,14731000.0
Guntur,2376,2,3,3,13,Yes,Yes,1,Unfurnished,Plot,Low,10620000.0
Rajahmundry,2962,2,2,2,15,Yes,Yes,2,Semi Furnished,Plot,High,15250000.0
Srikakulam,2130,2,2,3,22,No,Yes,3,Semi Furnished,Independent House,Medium,10914000.0
Tirupati,787,3,4,3,8,Yes,Yes,1,Unfurnished,Apartment,Low,7440000.0
Hyderabad,4782,4,4,4,14,Yes,Yes,3,Semi Furnished,Apartment,Low,45598000.0
Bengaluru,2407,4,1,1,4,No,Yes,0,Semi Furnished,Plot,Low,19565000.0
Kadapa,1661,4,3,1,17,No,Yes,0,Fully Furnished,Plot,Medium,8062000.0
Ongole,629,3,4,3,30,Yes,Yes,3,Unfurnished,Apartment,Medium,3964000.0
Visakhapatnam,2863,3,1,4,20,Yes,Yes,2,Unfurnished,Villa,Low,26174000.0
Chennai,643,2,3,3,19,No,Yes,1,Semi Furnished,Apartment,High,7907000.0
Mumbai,515,1,1,3,7,No,Yes,2,Semi Furnished,Villa,High,12076000.0
Ongole,744,5,4,2,14,Yes,Yes,3,Semi Furnished,Plot,Medium,5107000.0
Ongole,1426,5,1,4,20,Yes,Yes,3,Unfurnished,Apartment,High,9073000.0
Srikakulam,3678,1,3,1,24,No,Yes,2,Fully Furnished,Apartment,Low,17870000.0
Kakinada,2676,2,3,1,8,No,Yes,1,Unfurnished,Apartment,Medium,16205000.0
Guntur,1386,1,1,1,18,No,Yes,1,Fully Furnished,Apartment,Medium,9349000.0
Nellore,840,1,3,3,28,Yes,Yes,1,Semi Furnished,Independent House,High,5669000.0
Rajahmundry,2551,5,1,4,25,Yes,Yes,1,Unfurnished,Independent House,Medium,15384000.0
Kadapa,3898,2,3,2,30,Yes,Yes,1,Fully Furnished,Plot,High,18546000.0
Srikakulam,4450,3,1,1,21,Yes,Yes,0,Unfurnished,Plot,High,17252000.0
Guntur,805,5,1,4,5,Yes,Yes,0,Fully Furnished,Apartment,Low,7920000.0
Kadapa,1407,3,1,1,3,Yes,Yes,3,Fully Furnished,Independent House,High,12318000.0
Nellore,3154,2,2,2,10,Yes,Yes,0,Unfurnished,Plot,High,16003000.0
Bengaluru,4292,1,3,4,28,Yes,Yes,1,Semi Furnished,Villa,Medium,65486000.0
Nellore,4542,4,4,3,9,No,Yes,1,Unfurnished,Independent House,Low,27101000.0
Srikakulam,1871,4,1,3,2,No,Yes,1,Semi Furnished,Independent House,Low,11903000.0
Nellore,820,2,2,1,0,No,Yes,3,Fully Furnished,Independent House,High,8091000.0
Pune,4559,4,4,1,11,No,No,3,Fully Furnished,Apartment,Medium,55330000.0
Pune,1631,3,1,4,22,Yes,Yes,2,Unfurnished,Villa,Medium,20508000.0
Srikakulam,3078,4,4,2,14,Yes,Yes,0,Unfurnished,Apartment,Medium,15840000.0
Bengaluru,4542,2,2,1,14,Yes,Yes,0,Semi Furnished,Plot,Low,33981000.0
Bengaluru,3867,2,4,4,20,Yes,Yes,2,Semi Furnished,Villa,Low,54587000.0
Kurnool,1317,3,1,2,13,No,Yes,2,Unfurnished,Apartment,High,8380000.0
Srikakulam,511,4,4,1,25,Yes,Yes,0,Semi Furnished,Independent House,High,3920000.0
Delhi,694,4,4,1,30,Yes,Yes,1,Semi Furnished,Villa,Medium,11961000.0
Chennai,3037,1,1,4,6,Yes,Yes,0,Unfurnished,Independent House,High,34731000.0
Vijayawada,3342,5,2,1,16,Yes,Yes,1,Unfurnished,Plot,Medium,16903000.0
Kakinada,2729,2,2,3,23,Yes,Yes,3,Fully Furnished,Villa,Low,23795000.0
Nellore,3509,1,4,2,18,Yes,Yes,0,Fully Furnished,Plot,High,20676000.0
Guntur,2577,2,3,2,6,Yes,Yes,0,Unfurnished,Plot,Medium,12062000.0
Visakhapatnam,4367,1,4,3,27,Yes,Yes,3,Fully Furnished,Plot,Low,25355000.0
Kurnool,943,5,3,4,2,No,Yes,3,Semi Furnished,Villa,Medium,9544000.0
Nellore,797,1,4,3,29,Yes,Yes,3,Unfurnished,Plot,High,3373000.0
Nellore,1344,2,2,3,2,Yes,Yes,3,Fully Furnished,Apartment,Medium,11325000.0
Guntur,1515,4,4,2,25,Yes,Yes,3,Unfurnished,Apartment,Low,9285000.0
Pune,1884,2,4,4,24,Yes,No,2,Fully Furnished,Plot,High,18908000.0
Chennai,1897,3,3,1,28,Yes,Yes,2,Unfurnished,Independent House,Low,16682000.0
Srikakulam,1053,3,2,3,17,Yes,Yes,3,Semi Furnished,Plot,High,5770000.0
Ongole,2850,3,3,3,29,No,Yes,3,Fully Furnished,Plot,Medium,12704000.0
Delhi,1769,3,4,4,19,No,Yes,3,Unfurnished,Independent House,Low,20161000.0
Kadapa,1760,5,1,3,21,Yes,Yes,3,Semi Furnished,Villa,Low,12947000.0
Vijayawada,684,4,4,4,13,Yes,Yes,1,Fully Furnished,Villa,Medium,10157000.0
Delhi,2910,4,4,1,2,Yes,Yes,1,Fully Furnished,Plot,Low,28688000.0
Anantapur,4931,2,3,4,27,Yes,No,3,Unfurnished,Apartment,Low,21651000.0
Bengaluru,2709,1,1,1,25,Yes,Yes,3,Semi Furnished,Apartment,Low,26412000.0
Kadapa,4172,2,1,4,29,Yes,Yes,0,Unfurnished,Apartment,Low,16549000.0
Delhi,2381,2,3,3,25,Yes,Yes,3,Fully Furnished,Plot,Medium,23107000.0
Srikakulam,4796,2,2,1,6,No,Yes,3,Unfurnished,Apartment,Low,21087000.0
Kurnool,1021,2,1,3,6,No,Yes,2,Unfurnished,Apartment,Low,5231000.0
Hyderabad,2387,4,1,1,30,No,Yes,1,Semi Furnished,Villa,Low,28461000.0
Mumbai,3052,1,3,4,4,Yes,Yes,3,Semi Furnished,Plot,High,40094000.0
Delhi,4309,2,2,4,2,Yes,Yes,1,Fully Furnished,Villa,High,96966000.0
Ongole,4655,4,2,4,17,Yes,Yes,1,Semi Furnished,Independent House,Medium,30031000.0
Rajahmundry,4916,2,4,2,14,Yes,Yes,0,Unfurnished,Villa,Medium,36232000.0
Delhi,3979,3,4,2,30,Yes,Yes,1,Fully Furnished,Plot,Medium,39500000.0
Guntur,1909,2,3,1,19,Yes,Yes,1,Semi Furnished,Apartment,Low,11524000.0
Rajahmundry,2194,2,2,2,13,Yes,Yes,3,Unfurnished,Plot,High,11108000.0
Kurnool,1026,5,3,4,30,No,Yes,2,Unfurnished,Villa,High,9261000.0
Nellore,3160,3,4,2,28,No,No,3,Fully Furnished,Plot,Medium,16232000.0
Bengaluru,2672,1,3,2,3,Yes,Yes,3,Fully Furnished,Plot,High,30398000.0
Bengaluru,779,2,3,3,26,Yes,Yes,2,Semi Furnished,Villa,Medium,11735000.0
Vijayawada,3464,1,1,1,23,Yes,Yes,2,Semi Furnished,Villa,Low,30160000.0
Guntur,4477,3,1,1,7,Yes,Yes,0,Semi Furnished,Independent House,High,37872000.0
Kadapa,3169,2,1,1,28,Yes,Yes,2,Semi Furnished,Independent House,Low,15418000.0
Ongole,3393,5,4,2,20,No,Yes,3,Fully Furnished,Villa,Low,27444000.0
Delhi,2251,4,3,4,12,Yes,Yes,2,Unfurnished,Plot,High,23303000.0
Delhi,4481,5,1,3,21,Yes,Yes,2,Unfurnished,Villa,Medium,68153000.0
Pune,2861,5,1,1,7,Yes,Yes,2,Semi Furnished,Apartment,High,36885000.0
Rajahmundry,4927,4,1,2,14,Yes,Yes,1,Fully Furnished,Independent House,Low,32699000.0
Bengaluru,4631,4,4,4,16,Yes,Yes,0,Semi Furnished,Apartment,Medium,53805000.0
Rajahmundry,2208,4,4,3,4,No,Yes,1,Semi Furnished,Plot,Low,10703000.0
Pune,3186,2,3,3,19,Yes,Yes,1,Fully Furnished,Apartment,Medium,37631000.0
Srikakulam,3395,1,3,1,3,Yes,Yes,0,Unfurnished,Villa,High,26187000.0
Rajahmundry,3276,1,3,1,10,No,Yes,1,Unfurnished,Villa,Low,22506000.0
Chennai,1619,4,1,4,17,Yes,Yes,2,Semi Furnished,Villa,Medium,22577000.0
Tirupati,3488,5,2,2,9,Yes,Yes,0,Fully Furnished,Apartment,Medium,30169000.0
Guntur,4759,3,4,4,16,Yes,Yes,1,Unfurnished,Apartment,High,34954000.0
Guntur,4743,4,1,1,29,No,Yes,3,Unfurnished,Apartment,Medium,27425000.0
Mumbai,694,5,1,4,14,Yes,Yes,1,Fully Furnished,Villa,Medium,17702000.0
Chennai,1162,5,3,2,5,Yes,Yes,3,Fully Furnished,Villa,Low,18224000.0
Mumbai,979,2,3,3,22,No,Yes,2,Unfurnished,Villa,High,21366000.0
Nellore,4718,2,1,3,20,No,No,3,Semi Furnished,Apartment,High,34261000.0
Kakinada,1923,1,4,3,15,Yes,Yes,1,Semi Furnished,Apartment,Low,11750000.0
Vijayawada,3208,1,4,3,14,No,Yes,1,Unfurnished,Plot,Low,15177000.0
Delhi,3675,3,1,1,7,Yes,Yes,1,Semi Furnished,Independent House,Low,44934000.0
Kurnool,4314,3,2,1,8,Yes,Yes,0,Semi Furnished,Villa,Medium,33176000.0
Kakinada,2514,3,2,2,10,Yes,Yes,0,Fully Furnished,Apartment,High,22817000.0
Guntur,4289,3,4,2,26,Yes,Yes,1,Fully Furnished,Independent House,High,40532000.0
Kakinada,2943,5,3,2,1,Yes,Yes,1,Fully Furnished,Apartment,High,27880000.0
Mumbai,1411,5,2,2,26,No,Yes,2,Semi Furnished,Apartment,Medium,21663000.0
Hyderabad,3713,1,2,4,12,Yes,Yes,0,Fully Furnished,Villa,High,67524000.0
Kakinada,2864,2,3,2,3,Yes,Yes,0,Fully Furnished,Independent House,High,27937000.0
Hyderabad,4129,2,2,3,26,Yes,Yes,0,Unfurnished,Apartment,High,43833000.0
Kakinada,3972,4,1,3,8,No,Yes,3,Fully Furnished,Independent House,High,37510000.0
Kadapa,1180,5,2,3,4,No,Yes,1,Unfurnished,Independent House,Low,8251000.0
Tirupati,1109,3,3,4,18,Yes,No,2,Semi Furnished,Villa,Medium,11743000.0
Vijayawada,2656,3,1,2,21,No,Yes,2,Fully Furnished,Independent House,High,27941000.0
Kurnool,4366,4,2,3,30,Yes,Yes,1,Unfurnished,Plot,High,18502000.0
Chennai,871,2,4,3,2,Yes,Yes,1,Unfurnished,Plot,High,8944000.0
Tirupati,1115,3,1,3,29,No,Yes,2,Unfurnished,Villa,High,10918000.0
Kurnool,2753,2,1,3,20,Yes,Yes,3,Semi Furnished,Villa,High,24731000.0
Kurnool,4638,4,4,1,2,No,Yes,2,Fully Furnished,Plot,Low,21105000.0
Vijayawada,1364,2,4,2,5,Yes,Yes,3,Semi Furnished,Villa,Low,14505000.0
Delhi,1768,2,2,2,27,Yes,No,3,Unfurnished,Independent House,Medium,20488000.0
Hyderabad,1284,2,2,4,9,No,Yes,0,Semi Furnished,Apartment,Medium,13988000.0
Kakinada,4678,3,3,1,4,No,Yes,1,Semi Furnished,Villa,High,48929000.0
Hyderabad,2737,1,3,4,29,Yes,Yes,0,Unfurnished,Plot,High,20199000.0
Kadapa,4554,5,1,3,24,Yes,Yes,3,Fully Furnished,Apartment,Low,25064000.0
Guntur,1435,2,4,4,2,No,Yes,2,Fully Furnished,Independent House,Medium,13630000.0
Anantapur,4480,2,4,3,21,Yes,Yes,0,Semi Furnished,Apartment,High,29195000.0
Bengaluru,2838,2,3,3,23,No,Yes,2,Fully Furnished,Plot,High,31170000.0
Guntur,825,1,1,2,6,No,Yes,3,Unfurnished,Apartment,High,6470000.0
Srikakulam,2034,4,1,2,21,Yes,Yes,2,Fully Furnished,Plot,Medium,8990000.0
Anantapur,3980,3,3,2,29,Yes,Yes,0,Semi Furnished,Villa,Low,25471000.0
Bengaluru,4361,1,3,2,30,Yes,Yes,3,Unfurnished,Villa,Low,53900000.0
Guntur,2485,2,3,2,17,Yes,Yes,1,Unfurnished,Plot,High,13088000.0
Pune,3278,1,2,1,30,No,Yes,0,Unfurnished,Villa,High,47565000.0
Pune,1770,1,1,2,22,No,Yes,0,Semi Furnished,Independent House,High,22193000.0
Visakhapatnam,1140,1,1,4,7,Yes,Yes,1,Semi Furnished,Apartment,High,11353000.0
Srikakulam,4578,4,1,3,0,Yes,Yes,3,Fully Furnished,Plot,High,24922000.0
Kurnool,1867,5,3,2,30,Yes,Yes,1,Semi Furnished,Plot,Medium,8163000.0
Kadapa,4542,3,3,1,24,Yes,Yes,0,Unfurnished,Plot,Low,13911000.0
Visakhapatnam,3075,4,3,4,3,Yes,Yes,3,Semi Furnished,Independent House,Medium,30196000.0
Rajahmundry,4103,4,3,4,23,Yes,Yes,2,Semi Furnished,Independent House,Medium,27311000.0
Chennai,2081,5,4,3,30,Yes,No,0,Fully Furnished,Independent House,High,29949000.0
Chennai,2486,4,3,4,25,No,Yes,2,Unfurnished,Plot,Medium,16797000.0
Ongole,2740,1,2,4,6,Yes,Yes,1,Fully Furnished,Independent House,Low,18659000.0
Vijayawada,4466,1,4,4,13,No,Yes,3,Fully Furnished,Villa,High,60665000.0
Chennai,2605,2,4,4,12,No,Yes,1,Fully Furnished,Apartment,Low,27317000.0
Kakinada,628,4,3,1,9,Yes,Yes,2,Unfurnished,Villa,Medium,6470000.0
Visakhapatnam,4496,2,1,3,22,Yes,Yes,0,Fully Furnished,Villa,High,65056000.0
Rajahmundry,1351,3,3,2,17,Yes,Yes,3,Unfurnished,Independent House,Low,8478000.0
Mumbai,4603,1,1,4,0,Yes,Yes,1,Fully Furnished,Plot,Low,51649000.0
Vijayawada,2576,3,3,1,3,No,Yes,2,Fully Furnished,Villa,High,35976000.0
Kurnool,3494,5,3,3,27,Yes,Yes,2,Unfurnished,Apartment,Low,16697000.0
Srikakulam,4244,1,1,2,15,Yes,Yes,0,Semi Furnished,Independent House,High,27172000.0
Nellore,3256,3,1,3,15,Yes,Yes,2,Fully Furnished,Villa,High,36047000.0
Vijayawada,2144,5,1,1,17,No,Yes,3,Semi Furnished,Independent House,Medium,17886000.0
Mumbai,4871,3,1,1,7,Yes,Yes,2,Fully Furnished,Apartment,Low,75150000.0
Nellore,3644,5,2,1,9,Yes,Yes,0,Semi Furnished,Independent House,High,30447000.0
Bengaluru,742,5,1,4,15,Yes,Yes,1,Semi Furnished,Plot,Medium,8027000.0
Srikakulam,4585,1,3,1,22,No,Yes,3,Semi Furnished,Villa,Medium,31422000.0
Tirupati,670,2,3,2,23,Yes,Yes,1,Semi Furnished,Villa,High,7892000.0
Bengaluru,1152,5,2,4,10,Yes,Yes,1,Semi Furnished,Plot,High,13198000.0
Kadapa,4012,5,1,3,5,Yes,Yes,2,Unfurnished,Apartment,Low,19689000.0
Mumbai,1999,1,3,2,0,Yes,Yes,2,Semi Furnished,Apartment,Low,28861000.0
Kurnool,2599,2,2,4,29,Yes,Yes,0,Unfurnished,Independent House,Low,11997000.0
Chennai,2658,4,3,1,28,Yes,Yes,2,Fully Furnished,Villa,High,46218000.0
Delhi,2472,4,2,3,28,Yes,Yes,2,Unfurnished,Apartment,Medium,27591000.0
Srikakulam,4425,2,2,1,11,Yes,Yes,1,Semi Furnished,Plot,Medium,16619000.0
Kadapa,2758,3,4,2,24,Yes,Yes,3,Unfurnished,Plot,High,12082000.0
Hyderabad,4539,1,4,2,5,Yes,No,2,Semi Furnished,Plot,Low,31760000.0
Kadapa,2535,2,1,4,27,Yes,Yes,3,Unfurnished,Apartment,Medium,11837000.0
Mumbai,3771,4,4,2,12,Yes,Yes,2,Fully Furnished,Plot,Medium,47642000.0
Bengaluru,1357,5,2,3,25,No,Yes,2,Semi Furnished,Villa,Low,19307000.0
Bengaluru,4323,4,3,4,16,Yes,Yes,0,Semi Furnished,Apartment,Medium,50881000.0
Tirupati,1549,5,3,3,0,Yes,Yes,2,Unfurnished,Apartment,Low,12235000.0
Kadapa,4490,1,1,1,7,Yes,Yes,0,Unfurnished,Villa,Medium,28797000.0
Bengaluru,798,5,4,3,21,Yes,Yes,1,Unfurnished,Plot,Medium,7265000.0
Tirupati,1423,2,1,3,7,Yes,Yes,3,Unfurnished,Apartment,Medium,10715000.0
Hyderabad,4732,5,2,2,23,Yes,Yes,2,Unfurnished,Villa,Low,53348000.0
Vijayawada,4806,3,4,1,30,No,Yes,0,Semi Furnished,Villa,Medium,48387000.0
Chennai,3299,2,1,2,10,No,Yes,1,Fully Furnished,Independent House,Medium,39592000.0
Tirupati,4562,1,3,1,13,No,Yes,2,Unfurnished,Plot,Medium,21657000.0
Mumbai,4545,2,3,1,23,No,Yes,0,Semi Furnished,Plot,High,56963000.0
Chennai,2302,3,1,3,9,No,Yes,0,Fully Furnished,Villa,Medium,34506000.0
Bengaluru,3213,1,1,2,14,No,Yes,1,Fully Furnished,Apartment,Medium,40829000.0
Visakhapatnam,3353,4,1,3,6,Yes,No,2,Unfurnished,Independent House,Low,26138000.0
Rajahmundry,3157,3,2,3,6,Yes,Yes,2,Semi Furnished,Independent House,Low,20177000.0
Mumbai,3846,1,2,3,9,Yes,Yes,3,Semi Furnished,Apartment,High,68899000.0
Ongole,1971,5,3,1,3,Yes,Yes,2,Semi Furnished,Independent House,Low,13864000.0
Tirupati,3449,2,2,2,24,Yes,Yes,0,Semi Furnished,Apartment,Low,21179000.0
Delhi,1441,1,2,2,27,No,Yes,3,Semi Furnished,Independent House,Low,16442000.0
Vijayawada,2407,2,4,3,17,Yes,Yes,3,Fully Furnished,Apartment,High,24766000.0
Pune,1743,5,2,1,26,Yes,Yes,2,Fully Furnished,Villa,High,33136000.0
Hyderabad,4923,1,4,2,24,Yes,Yes,3,Fully Furnished,Villa,Medium,75063000.0
Tirupati,1966,4,2,4,9,Yes,Yes,0,Semi Furnished,Independent House,Medium,17039000.0
Kadapa,4457,3,3,2,18,Yes,Yes,0,Fully Furnished,Independent House,Low,25946000.0
Anantapur,2466,1,1,3,13,Yes,Yes,1,Fully Furnished,Villa,Medium,19999000.0
Srikakulam,875,5,3,4,12,Yes,Yes,0,Unfurnished,Plot,Medium,4648000.0
Ongole,762,1,2,1,14,Yes,Yes,1,Fully Furnished,Apartment,High,6254000.0
Anantapur,4862,2,1,4,15,Yes,Yes,3,Unfurnished,Plot,High,20323000.0
Hyderabad,3888,1,1,4,1,Yes,Yes,1,Semi Furnished,Independent House,Medium,43582000.0
Anantapur,3895,4,1,3,28,Yes,Yes,2,Semi Furnished,Villa,Medium,28094000.0
Pune,2444,1,4,2,3,Yes,Yes,1,Semi Furnished,Independent House,Medium,28831000.0
Ongole,2393,3,3,1,20,Yes,Yes,2,Semi Furnished,Plot,Low,9365000.0
Ongole,4134,1,4,4,17,Yes,Yes,3,Fully Furnished,Villa,High,43810000.0
Tirupati,2152,2,1,3,28,Yes,Yes,1,Unfurnished,Villa,Medium,18053000.0
Tirupati,4641,1,3,2,30,Yes,Yes,0,Semi Furnished,Villa,Medium,43487000.0
Anantapur,4392,4,3,4,16,Yes,Yes,2,Semi Furnished,Apartment,Low,22080000.0
Guntur,1099,5,2,3,9,Yes,Yes,3,Unfurnished,Independent House,High,10994000.0
Srikakulam,2412,1,4,3,26,No,Yes,0,Unfurnished,Plot,Low,6248000.0
Hyderabad,1792,1,4,3,20,Yes,Yes,2,Unfurnished,Apartment,Low,14894000.0
Ongole,1100,3,2,1,8,Yes,Yes,3,Unfurnished,Plot,Medium,5532000.0
Bengaluru,880,4,4,2,14,Yes,Yes,3,Unfurnished,Apartment,Low,9819000.0
Hyderabad,4713,5,1,4,27,Yes,Yes,0,Fully Furnished,Villa,Low,64989000.0
Kakinada,4137,2,1,2,11,Yes,Yes,3,Unfurnished,Apartment,Medium,24374000.0
Kakinada,2663,1,4,2,30,No,Yes,1,Fully Furnished,Independent House,High,23516000.0
Bengaluru,4855,5,2,4,20,No,Yes,3,Unfurnished,Independent House,Medium,55059000.0
Ongole,1598,2,3,2,27,Yes,Yes,2,Unfurnished,Plot,High,7300000.0
Ongole,865,4,4,1,26,No,Yes,2,Semi Furnished,Villa,Low,7000000.0
Rajahmundry,3070,4,3,4,25,Yes,Yes,2,Semi Furnished,Villa,Low,22902000.0
Mumbai,3919,5,2,4,8,Yes,Yes,1,Semi Furnished,Plot,Medium,44530000.0
Pune,2976,2,3,3,13,Yes,Yes,0,Semi Furnished,Independent House,Medium,35170000.0
Nellore,1290,4,2,2,12,Yes,Yes,1,Semi Furnished,Independent House,Medium,9708000.0
Tirupati,4069,5,2,4,27,Yes,Yes,1,Semi Furnished,Plot,Low,19882000.0
Delhi,1246,4,1,4,25,Yes,Yes,1,Unfurnished,Villa,Low,17349000.0
Tirupati,812,4,1,1,5,Yes,Yes,3,Unfurnished,Plot,High,6112000.0
Anantapur,1420,4,2,3,18,Yes,Yes,0,Semi Furnished,Plot,Medium,6159000.0
Ongole,1577,3,4,4,3,Yes,Yes,3,Semi Furnished,Apartment,Low,11674000.0
Delhi,3329,2,1,1,19,Yes,Yes,1,Semi Furnished,Plot,High,35378000.0
Tirupati,2881,5,2,4,16,Yes,Yes,2,Unfurnished,Independent House,Medium,22013000.0
Ongole,4118,5,3,4,18,Yes,No,1,Semi Furnished,Plot,Medium,18184000.0
Guntur,1297,2,3,4,2,Yes,Yes,0,Semi Furnished,Villa,High,15970000.0
Delhi,4943,2,4,1,28,No,Yes,2,Unfurnished,Villa,High,86635000.0
Nellore,772,2,3,2,13,Yes,Yes,0,Unfurnished,Independent House,High,6588000.0
Bengaluru,3510,2,3,4,16,No,Yes,1,Fully Furnished,Villa,Low,54455000.0
Pune,2273,1,2,4,12,Yes,Yes,0,Semi Furnished,Plot,Medium,17623000.0
Visakhapatnam,3047,5,3,2,8,Yes,Yes,3,Unfurnished,Independent House,Medium,27043000.0
Srikakulam,3664,1,3,4,26,No,Yes,2,Fully Furnished,Villa,High,31695000.0
Vijayawada,1446,4,3,3,0,Yes,Yes,0,Unfurnished,Plot,Low,8979000.0
Guntur,3165,4,3,4,24,Yes,No,2,Fully Furnished,Villa,High,37678000.0
Pune,1006,5,2,3,16,Yes,Yes,2,Fully Furnished,Apartment,Low,12146000.0
Mumbai,743,4,3,2,15,Yes,Yes,1,Semi Furnished,Villa,Medium,16251000.0
Nellore,1005,2,4,1,17,Yes,Yes,1,Semi Furnished,Independent House,Medium,7396000.0
Bengaluru,3658,1,1,2,1,Yes,Yes,2,Fully Furnished,Plot,Low,31862000.0
Visakhapatnam,4090,2,4,4,13,No,Yes,0,Semi Furnished,Plot,Medium,25516000.0
Anantapur,2372,4,1,3,21,Yes,Yes,2,Unfurnished,Independent House,Medium,13206000.0
Kadapa,4293,1,4,1,22,Yes,Yes,1,Unfurnished,Apartment,High,24191000.0
Ongole,1692,2,1,4,26,No,Yes,0,Fully Furnished,Plot,Low,6027000.0
Kakinada,4925,5,1,1,16,Yes,Yes,2,Fully Furnished,Independent House,Medium,39387000.0
Chennai,1964,2,1,1,2,Yes,Yes,1,Unfurnished,Villa,Medium,24249000.0
Hyderabad,890,4,1,4,1,Yes,Yes,2,Unfurnished,Apartment,Low,10879000.0
Vijayawada,4976,1,2,2,7,Yes,Yes,2,Fully Furnished,Independent House,Medium,46037000.0
Visakhapatnam,3877,5,4,4,24,Yes,Yes,2,Unfurnished,Villa,Low,36347000.0
Anantapur,1172,1,1,4,28,Yes,Yes,0,Unfurnished,Plot,Low,1936000.0
Delhi,3060,5,4,2,1,Yes,Yes,1,Fully Furnished,Plot,High,39584000.0
Visakhapatnam,1711,1,3,3,1,No,Yes,1,Semi Furnished,Apartment,Low,14121000.0
Ongole,1429,4,1,4,25,No,Yes,3,Unfurnished,Villa,High,12161000.0
Anantapur,2039,5,4,1,30,Yes,Yes,2,Semi Furnished,Independent House,Medium,12462000.0
Kakinada,1412,3,2,4,8,No,Yes,2,Semi Furnished,Plot,Low,7396000.0
Pune,1143,1,4,4,29,Yes,Yes,3,Unfurnished,Independent House,High,13396000.0
Kadapa,1001,1,1,1,19,Yes,Yes,2,Semi Furnished,Independent House,Low,4588000.0
Anantapur,1229,2,3,2,20,Yes,Yes,0,Fully Furnished,Independent House,Medium,8677000.0
Chennai,1783,5,4,3,28,Yes,Yes,3,Unfurnished,Apartment,High,19573000.0
Tirupati,2618,3,3,3,26,No,No,1,Unfurnished,Independent House,High,22180000.0
Kurnool,4886,4,2,1,24,Yes,Yes,2,Semi Furnished,Apartment,High,32286000.0
Ongole,4336,2,4,2,5,Yes,Yes,1,Unfurnished,Apartment,Medium,24752000.0
Anantapur,1419,3,4,4,25,Yes,Yes,2,Unfurnished,Villa,High,12074000.0
Hyderabad,4550,5,2,4,11,Yes,Yes,3,Semi Furnished,Plot,Medium,34848000.0
Chennai,2839,3,2,4,24,Yes,Yes,1,Semi Furnished,Independent House,Medium,29742000.0
Tirupati,1255,1,2,4,8,No,Yes,2,Unfurnished,Villa,Low,10485000.0
Rajahmundry,2369,1,1,4,6,No,Yes,0,Unfurnished,Villa,Medium,17312000.0
Nellore,4972,2,1,1,29,Yes,Yes,3,Fully Furnished,Villa,High,53743000.0
Guntur,1007,5,4,4,11,Yes,Yes,2,Fully Furnished,Villa,High,14478000.0
Tirupati,1936,5,4,4,25,Yes,Yes,2,Unfurnished,Villa,Medium,18576000.0
Visakhapatnam,3075,3,4,2,24,No,Yes,2,Unfurnished,Independent House,Medium,24778000.0
Kakinada,3926,2,3,4,4,Yes,Yes,3,Fully Furnished,Villa,Low,36254000.0
Rajahmundry,1058,5,2,3,15,Yes,Yes,2,Semi Furnished,Plot,Low,6268000.0
Guntur,3602,1,4,1,4,No,Yes,2,Unfurnished,Apartment,High,26586000.0
Kurnool,4122,3,2,1,11,Yes,Yes,1,Fully Furnished,Apartment,Medium,27305000.0
Kakinada,4899,4,1,1,23,Yes,Yes,1,Fully Furnished,Plot,High,29910000.0
Anantapur,4557,1,2,3,25,Yes,Yes,3,Unfurnished,Independent House,Medium,22375000.0
Tirupati,4215,2,3,4,19,Yes,Yes,3,Unfurnished,Apartment,High,33025000.0
Hyderabad,1801,5,3,1,8,Yes,Yes,0,Fully Furnished,Plot,High,20310000.0
Pune,2655,1,2,3,22,Yes,Yes,2,Unfurnished,Plot,High,21252000.0
Vijayawada,1192,4,3,2,6,Yes,Yes,1,Semi Furnished,Villa,Medium,14768000.0
Nellore,4850,4,3,4,28,Yes,Yes,1,Unfurnished,Apartment,Low,24852000.0
Srikakulam,1978,2,1,3,30,No,Yes,2,Fully Furnished,Villa,Low,12876000.0
Rajahmundry,756,1,4,4,18,Yes,Yes,2,Fully Furnished,Independent House,Medium,6686000.0
Kurnool,2930,3,3,2,19,No,Yes,3,Unfurnished,Apartment,Low,13725000.0
Rajahmundry,941,1,4,3,22,Yes,Yes,0,Fully Furnished,Apartment,High,7342000.0
Delhi,2381,4,2,4,10,Yes,Yes,0,Semi Furnished,Plot,Medium,23161000.0
Visakhapatnam,3146,2,2,3,26,Yes,Yes,3,Unfurnished,Apartment,Medium,23214000.0
Srikakulam,4320,2,3,1,29,Yes,Yes,3,Unfurnished,Independent House,Low,17806000.0
Visakhapatnam,2235,3,2,4,20,Yes,Yes,1,Fully Furnished,Independent House,Low,20381000.0
Kurnool,4235,2,1,3,11,Yes,Yes,3,Semi Furnished,Apartment,High,27896000.0
Vijayawada,3145,2,3,1,2,Yes,No,0,Unfurnished,Plot,Medium,16831000.0
Srikakulam,518,2,3,2,16,Yes,Yes,1,Fully Furnished,Independent House,Low,4150000.0
Vijayawada,1624,2,3,4,6,No,Yes,0,Unfurnished,Villa,Medium,16021000.0
Kurnool,4485,2,2,4,21,Yes,Yes,2,Semi Furnished,Independent House,High,31819000.0
Pune,3154,4,2,2,9,Yes,Yes,0,Fully Furnished,Apartment,High,45262000.0
Visakhapatnam,2580,1,3,1,30,Yes,Yes,1,Unfurnished,Villa,High,29372000.0
Vijayawada,2047,5,4,2,22,Yes,Yes,0,Fully Furnished,Apartment,Medium,18832000.0
Rajahmundry,1361,2,2,4,14,No,Yes,1,Fully Furnished,Apartment,Medium,9748000.0
Srikakulam,654,5,2,3,29,Yes,Yes,1,Semi Furnished,Apartment,Medium,3965000.0
Tirupati,3994,5,3,1,1,Yes,Yes,3,Semi Furnished,Plot,Medium,23925000.0
Nellore,1404,4,4,1,12,Yes,Yes,0,Unfurnished,Plot,Medium,7162000.0
Hyderabad,1769,2,3,1,27,No,Yes,3,Fully Furnished,Independent House,High,24366000.0
Bengaluru,904,5,2,2,3,Yes,Yes,3,Fully Furnished,Apartment,High,16146000.0
Mumbai,1343,2,3,2,17,Yes,Yes,0,Fully Furnished,Villa,High,36836000.0
Ongole,2282,3,3,3,23,Yes,Yes,1,Unfurnished,Villa,Low,15588000.0
Mumbai,2064,3,3,3,22,Yes,Yes,2,Semi Furnished,Villa,High,49853000.0
Srikakulam,1684,3,4,1,0,Yes,Yes,0,Semi Furnished,Plot,Medium,9157000.0
Pune,1246,5,3,3,1,No,Yes,3,Fully Furnished,Plot,High,15397000.0
Mumbai,2225,3,2,2,1,No,Yes,3,Unfurnished,Apartment,Low,29166000.0
Srikakulam,3688,4,3,3,3,Yes,Yes,1,Fully Furnished,Villa,Low,27919000.0
Rajahmundry,770,4,4,2,2,Yes,Yes,3,Semi Furnished,Villa,Low,9060000.0
Visakhapatnam,4456,5,1,3,16,Yes,Yes,2,Fully Furnished,Plot,Low,27523000.0
Mumbai,671,2,4,4,27,Yes,Yes,3,Fully Furnished,Plot,Low,7368000.0
Hyderabad,773,1,3,2,13,Yes,Yes,1,Fully Furnished,Villa,Medium,12412000.0
Rajahmundry,2806,2,1,4,1,Yes,Yes,0,Semi Furnished,Villa,High,28706000.0
Nellore,1658,2,3,2,15,No,Yes,1,Unfurnished,Independent House,Medium,10549000.0
Rajahmundry,2206,2,4,3,10,Yes,Yes,3,Fully Furnished,Plot,Medium,12284000.0
Srikakulam,2271,2,1,4,24,No,No,1,Semi Furnished,Apartment,Low,9418000.0
Guntur,921,1,1,3,12,Yes,Yes,3,Fully Furnished,Apartment,High,7851000.0
Kurnool,1709,3,3,2,0,Yes,Yes,1,Unfurnished,Villa,High,15868000.0
Delhi,1390,2,3,4,24,Yes,Yes,0,Fully Furnished,Plot,High,16401000.0
Rajahmundry,3767,4,4,1,22,No,Yes,3,Unfurnished,Apartment,Low,19380000.0
Anantapur,1973,5,3,3,1,Yes,Yes,2,Semi Furnished,Plot,Medium,10483000.0
Guntur,3743,5,1,2,1,No,Yes,2,Unfurnished,Villa,High,37565000.0
Mumbai,4978,4,2,4,20,No,Yes,2,Unfurnished,Villa,Medium,91094000.0
Srikakulam,2681,2,2,3,28,Yes,Yes,2,Semi Furnished,Villa,High,21063000.0
Kurnool,1949,1,4,4,4,Yes,Yes,3,Unfurnished,Plot,High,10791000.0
Vijayawada,3596,3,3,3,3,No,Yes,3,Unfurnished,Apartment,High,29970000.0
Chennai,3756,5,4,3,11,Yes,Yes,0,Semi Furnished,Independent House,High,48710000.0
Tirupati,3656,3,2,3,25,Yes,Yes,1,Unfurnished,Apartment,Low,21300000.0
Guntur,2090,1,2,4,25,Yes,No,3,Unfurnished,Plot,Low,7551000.0
Delhi,4739,5,3,4,28,No,Yes,2,Fully Furnished,Apartment,Medium,65714000.0
Hyderabad,4481,3,1,3,27,Yes,Yes,3,Unfurnished,Independent House,Low,39201000.0
Vijayawada,1935,1,3,1,2,No,Yes,2,Unfurnished,Apartment,High,17036000.0
Kakinada,723,3,2,1,19,Yes,Yes,0,Unfurnished,Independent House,Medium,4380000.0
Vijayawada,719,2,1,1,9,Yes,Yes,1,Semi Furnished,Plot,Medium,4958000.0
Kakinada,4774,1,4,2,19,Yes,Yes,3,Unfurnished,Villa,Medium,37228000.0
Guntur,2154,3,2,1,17,Yes,Yes,1,Semi Furnished,Independent House,High,17777000.0
Kadapa,764,2,4,4,20,No,Yes,2,Semi Furnished,Plot,High,4342000.0
Visakhapatnam,1453,2,1,1,30,No,No,2,Unfurnished,Villa,Medium,13002000.0
Tirupati,4233,1,4,4,20,No,Yes,1,Unfurnished,Independent House,Low,26194000.0
Delhi,3274,4,2,2,20,No,Yes,0,Unfurnished,Villa,High,58220000.0
Kurnool,3624,5,3,4,26,Yes,Yes,1,Unfurnished,Apartment,High,22958000.0
Visakhapatnam,979,1,4,4,30,Yes,Yes,1,Unfurnished,Plot,Low,4449000.0
Kadapa,4014,2,2,4,26,Yes,Yes,3,Unfurnished,Plot,Medium,13906000.0
Bengaluru,1853,2,2,1,9,No,Yes,3,Unfurnished,Plot,Low,12804000.0
Nellore,3822,1,1,3,0,Yes,Yes,2,Semi Furnished,Plot,High,21990000.0
Ongole,4378,4,2,4,5,No,Yes,3,Fully Furnished,Independent House,Medium,32123000.0
Srikakulam,1389,5,3,1,10,Yes,Yes,0,Semi Furnished,Apartment,Medium,8625000.0
Bengaluru,4354,3,3,1,1,No,Yes,0,Unfurnished,Villa,Low,56380000.0
Pune,1424,1,4,1,6,Yes,Yes,0,Fully Furnished,Plot,High,14906000.0
Ongole,2670,5,4,3,19,Yes,Yes,2,Fully Furnished,Plot,High,17014000.0
Kurnool,2402,5,4,3,30,No,Yes,0,Unfurnished,Independent House,Medium,12971000.0
Delhi,2895,2,4,3,20,No,Yes,0,Unfurnished,Independent House,High,41027000.0
Hyderabad,528,3,3,3,20,Yes,Yes,3,Semi Furnished,Independent House,Medium,7159000.0
Visakhapatnam,534,1,1,2,20,No,Yes,2,Fully Furnished,Apartment,Medium,3982000.0
Ongole,4089,2,4,3,17,No,Yes,1,Fully Furnished,Villa,Medium,36373000.0
Chennai,3170,2,1,3,20,Yes,Yes,0,Unfurnished,Apartment,High,32294000.0
Kurnool,3865,4,2,3,18,Yes,Yes,3,Unfurnished,Plot,Low,13647000.0
Visakhapatnam,1088,5,2,4,3,Yes,Yes,1,Fully Furnished,Independent House,Medium,13862000.0
Mumbai,3718,1,4,4,12,Yes,Yes,0,Fully Furnished,Plot,Low,41145000.0
Anantapur,3638,1,2,3,17,No,Yes,1,Unfurnished,Villa,Low,21442000.0
Chennai,1403,1,1,2,19,Yes,Yes,1,Unfurnished,Villa,Low,14412000.0
Kakinada,4586,2,1,4,28,Yes,Yes,2,Unfurnished,Apartment,Low,23164000.0
Bengaluru,2669,4,2,1,24,Yes,Yes,2,Semi Furnished,Apartment,Low,27383000.0
Visakhapatnam,839,3,4,4,23,Yes,Yes,0,Semi Furnished,Independent House,Medium,7903000.0
Vijayawada,4770,2,1,1,12,Yes,Yes,0,Unfurnished,Independent House,High,40940000.0
Vijayawada,2214,3,1,4,29,Yes,Yes,2,Semi Furnished,Plot,Low,10231000.0
Visakhapatnam,1056,4,3,3,30,Yes,Yes,0,Fully Furnished,Independent House,High,12948000.0
Delhi,3587,5,4,4,26,Yes,Yes,0,Fully Furnished,Independent House,High,64862000.0
Chennai,3766,1,3,3,27,No,Yes,2,Unfurnished,Plot,Medium,23282000.0
Delhi,4067,3,2,3,18,Yes,Yes,1,Fully Furnished,Villa,Low,68859000.0
Ongole,2556,2,2,4,16,Yes,No,0,Fully Furnished,Independent House,High,21063000.0
Vijayawada,4399,3,3,1,0,Yes,Yes,3,Fully Furnished,Independent House,High,49165000.0
Guntur,1516,5,4,1,5,Yes,Yes,2,Fully Furnished,Plot,Low,10015000.0
Tirupati,2562,1,1,4,18,Yes,Yes,0,Fully Furnished,Plot,Medium,14680000.0
Chennai,1338,3,2,3,19,No,Yes,0,Semi Furnished,Plot,Medium,9908000.0
Guntur,2137,5,4,1,0,Yes,Yes,2,Semi Furnished,Plot,Low,12426000.0
Chennai,4821,2,4,2,7,No,Yes,3,Unfurnished,Plot,High,37850000.0
Mumbai,3996,4,2,3,16,Yes,Yes,3,Fully Furnished,Independent House,Medium,74059000.0
Chennai,2313,2,2,4,20,No,Yes,2,Semi Furnished,Apartment,Medium,22602000.0
Visakhapatnam,3979,1,4,3,21,No,Yes,3,Semi Furnished,Apartment,High,38753000.0
Visakhapatnam,1951,2,1,2,14,Yes,Yes,0,Semi Furnished,Apartment,High,18641000.0
Kakinada,2813,2,3,2,17,Yes,Yes,3,Fully Furnished,Independent House,High,26591000.0
Kurnool,2014,2,2,1,6,Yes,Yes,0,Semi Furnished,Villa,High,18867000.0
Hyderabad,1731,2,3,2,15,Yes,Yes,1,Unfurnished,Independent House,Low,16108000.0
Vijayawada,2145,1,4,3,6,No,Yes,3,Unfurnished,Apartment,High,18469000.0
Rajahmundry,3499,5,3,1,16,Yes,Yes,1,Fully Furnished,Apartment,Medium,25501000.0
Vijayawada,3940,3,1,2,3,Yes,Yes,2,Unfurnished,Plot,High,24128000.0
Tirupati,4556,4,4,1,11,No,Yes,3,Semi Furnished,Plot,High,30092000.0
Bengaluru,805,3,1,1,12,No,Yes,0,Fully Furnished,Plot,Low,7574000.0
Tirupati,4036,3,4,4,3,Yes,Yes,3,Unfurnished,Independent House,Low,28312000.0
Hyderabad,2223,4,1,1,20,No,Yes,2,Fully Furnished,Villa,High,40120000.0
Srikakulam,2189,1,4,1,0,Yes,Yes,2,Semi Furnished,Villa,Low,15211000.0
Hyderabad,2017,4,1,2,0,Yes,Yes,0,Unfurnished,Plot,Low,13393000.0
Chennai,4417,1,4,3,6,Yes,Yes,3,Semi Furnished,Villa,Low,54334000.0
Delhi,919,3,1,3,8,No,Yes,1,Unfurnished,Apartment,Low,9944000.0
Kurnool,3436,1,4,2,0,Yes,Yes,2,Fully Furnished,Apartment,High,26889000.0
Kadapa,4362,5,1,3,15,Yes,Yes,2,Unfurnished,Plot,Low,14981000.0
Vijayawada,4729,4,2,1,17,Yes,Yes,0,Unfurnished,Plot,Low,21305000.0
Nellore,1950,5,3,4,21,Yes,Yes,3,Unfurnished,Plot,Medium,9619000.0
Vijayawada,3596,3,4,1,30,Yes,Yes,1,Fully Furnished,Villa,High,48040000.0
Ongole,3761,4,1,1,14,No,Yes,3,Unfurnished,Independent House,Low,20291000.0
Vijayawada,1664,3,2,4,5,Yes,Yes,3,Semi Furnished,Plot,Medium,11255000.0
Kadapa,2369,5,4,2,1,Yes,Yes,1,Fully Furnished,Villa,Low,19921000.0
Delhi,2319,3,4,1,8,No,Yes,0,Fully Furnished,Plot,High,28776000.0
Bengaluru,3205,4,4,1,3,No,Yes,2,Semi Furnished,Independent House,Medium,41721000.0
Kakinada,4015,4,3,2,12,Yes,Yes,0,Fully Furnished,Plot,Medium,22942000.0
Kakinada,1842,3,1,1,22,Yes,Yes,0,Unfurnished,Apartment,High,12381000.0
Visakhapatnam,2726,4,1,1,21,No,Yes,3,Fully Furnished,Plot,Medium,18345000.0
Kakinada,1579,4,4,3,10,No,Yes,1,Semi Furnished,Apartment,Medium,12592000.0
Chennai,4706,3,4,2,12,Yes,Yes,2,Fully Furnished,Apartment,Low,47714000.0
Anantapur,3279,5,4,1,10,Yes,Yes,3,Semi Furnished,Villa,Medium,25715000.0
Mumbai,3028,4,2,1,18,Yes,Yes,2,Fully Furnished,Villa,High,81708000.0
Mumbai,1313,4,4,4,7,Yes,Yes,3,Semi Furnished,Apartment,Low,20068000.0
Guntur,2531,4,3,4,6,Yes,Yes,1,Fully Furnished,Apartment,Medium,20822000.0
Tirupati,822,4,1,4,24,Yes,Yes,2,Unfurnished,Plot,Low,3185000.0
Tirupati,3469,3,3,1,15,Yes,Yes,2,Semi Furnished,Plot,High,21720000.0
Anantapur,1403,5,4,1,2,No,Yes,0,Semi Furnished,Apartment,Medium,10696000.0
Rajahmundry,2041,5,2,4,16,Yes,Yes,3,Fully Furnished,Villa,High,23858000.0
Pune,4003,1,4,3,17,Yes,Yes,3,Fully Furnished,Plot,High,41073000.0
Nellore,3153,4,4,3,27,No,Yes,3,Fully Furnished,Plot,Medium,16420000.0
Anantapur,2976,4,4,3,26,Yes,Yes,0,Unfurnished,Plot,Medium,11024000.0
Tirupati,3840,1,4,3,14,Yes,Yes,0,Fully Furnished,Villa,Low,38238000.0
Kurnool,4743,5,4,2,27,No,Yes,2,Semi Furnished,Apartment,High,33038000.0
Anantapur,1641,2,1,4,16,Yes,Yes,3,Fully Furnished,Plot,Medium,8062000.0
Delhi,1349,2,3,1,10,No,Yes,3,Unfurnished,Villa,High,24661000.0
Nellore,866,5,2,4,4,Yes,Yes,2,Fully Furnished,Villa,Medium,11148000.0
Visakhapatnam,3397,4,4,3,15,Yes,Yes,2,Fully Furnished,Villa,High,51257000.0
Anantapur,1589,2,2,1,14,No,Yes,2,Semi Furnished,Villa,Low,10903000.0
Chennai,4541,3,1,2,9,Yes,Yes,1,Fully Furnished,Plot,High,43965000.0
Anantapur,2538,3,3,4,13,No,Yes,1,Unfurnished,Apartment,Medium,13691000.0
Nellore,3360,1,4,1,1,Yes,Yes,2,Fully Furnished,Apartment,Low,22714000.0
Nellore,4770,5,1,1,15,Yes,Yes,0,Fully Furnished,Villa,Low,41855000.0
Vijayawada,2354,5,1,3,18,No,Yes,0,Semi Furnished,Apartment,Medium,17979000.0
Kurnool,994,2,3,3,7,Yes,Yes,3,Fully Furnished,Plot,Low,5721000.0
Bengaluru,3682,4,4,4,14,Yes,No,1,Semi Furnished,Apartment,High,51707000.0
Ongole,2284,5,3,2,9,Yes,Yes,1,Semi Furnished,Apartment,High,17519000.0
Anantapur,4010,2,3,1,29,Yes,Yes,2,Fully Furnished,Independent House,Medium,25345000.0
Nellore,4286,2,2,3,4,No,Yes,2,Semi Furnished,Apartment,High,32484000.0
Guntur,4630,5,2,4,19,No,Yes,2,Semi Furnished,Apartment,Medium,31402000.0
Hyderabad,1498,2,3,3,15,Yes,Yes,2,Fully Furnished,Villa,Low,21303000.0
Delhi,4969,1,2,4,20,Yes,Yes,2,Fully Furnished,Villa,High,109596000.0
Hyderabad,1951,1,1,3,25,Yes,Yes,0,Unfurnished,Independent House,Medium,18051000.0
Delhi,2251,5,3,2,21,Yes,Yes,0,Unfurnished,Plot,High,22921000.0
Nellore,2780,4,4,1,11,No,No,2,Semi Furnished,Independent House,Low,18551000.0
Hyderabad,3434,1,4,3,22,Yes,Yes,0,Semi Furnished,Apartment,Low,31476000.0
Tirupati,4234,1,1,1,29,Yes,Yes,2,Fully Furnished,Apartment,High,38719000.0
Pune,3846,5,4,4,12,No,Yes,2,Unfurnished,Plot,Low,25625000.0
Visakhapatnam,2373,3,4,2,8,Yes,Yes,1,Unfurnished,Plot,Medium,14631000.0
Pune,4303,2,3,1,16,Yes,Yes,0,Fully Furnished,Villa,High,80394000.0
Kadapa,2479,1,1,3,19,Yes,Yes,0,Fully Furnished,Apartment,High,15789000.0
Tirupati,1198,3,3,1,27,No,Yes,1,Fully Furnished,Apartment,Low,8336000.0
Vijayawada,1812,4,1,1,11,Yes,Yes,0,Fully Furnished,Apartment,Medium,16535000.0
Mumbai,3462,3,3,4,24,Yes,Yes,1,Unfurnished,Apartment,High,55285000.0
Delhi,3438,5,3,2,4,No,Yes,3,Fully Furnished,Apartment,High,59198000.0
Rajahmundry,2800,4,2,2,23,No,No,0,Fully Furnished,Apartment,Low,17072000.0
Visakhapatnam,3697,4,4,1,11,No,Yes,2,Unfurnished,Apartment,Low,26022000.0
Kakinada,626,3,1,1,0,Yes,Yes,1,Fully Furnished,Apartment,Medium,6526000.0
Kurnool,1691,5,4,4,19,Yes,Yes,2,Unfurnished,Villa,Medium,13292000.0
Ongole,3139,1,2,1,27,Yes,Yes,2,Unfurnished,Independent House,Low,14894000.0
Ongole,4889,3,1,4,15,Yes,Yes,0,Fully Furnished,Apartment,Medium,32010000.0
Hyderabad,4416,1,2,2,29,Yes,Yes,1,Fully Furnished,Villa,Low,59666000.0
Pune,1866,3,4,2,11,Yes,Yes,3,Semi Furnished,Apartment,High,25321000.0
Kakinada,1519,1,3,4,8,Yes,Yes,2,Semi Furnished,Plot,Low,7527000.0
Pune,4579,3,2,1,12,Yes,Yes,2,Unfurnished,Apartment,Low,40029000.0
Kakinada,1184,4,2,2,16,No,Yes,3,Unfurnished,Independent House,Low,7593000.0
Kakinada,4129,2,3,3,16,Yes,Yes,1,Semi Furnished,Villa,High,42617000.0
Guntur,3387,4,4,4,3,Yes,Yes,0,Unfurnished,Plot,Medium,17088000.0
Vijayawada,1962,1,2,2,13,Yes,Yes,2,Semi Furnished,Plot,Medium,10439000.0
Mumbai,4586,5,4,2,18,Yes,Yes,0,Fully Furnished,Apartment,Medium,78683000.0
Guntur,2761,4,3,2,6,Yes,Yes,1,Fully Furnished,Independent House,Low,21937000.0
Ongole,4680,2,1,3,26,Yes,Yes,3,Fully Furnished,Independent House,Low,28819000.0
Delhi,3341,1,2,3,2,No,Yes,0,Unfurnished,Apartment,Medium,38809000.0
Rajahmundry,2267,4,4,3,0,No,Yes,1,Fully Furnished,Apartment,High,21459000.0
Kadapa,4680,3,3,1,11,Yes,Yes,0,Unfurnished,Villa,High,36628000.0
Vijayawada,4060,5,3,4,14,No,Yes,0,Fully Furnished,Villa,High,55884000.0
Rajahmundry,2612,1,2,1,10,Yes,Yes,2,Unfurnished,Apartment,High,17108000.0
Rajahmundry,1126,4,1,3,9,No,Yes,0,Unfurnished,Apartment,Low,6398000.0
Pune,4659,1,2,4,1,Yes,Yes,2,Semi Furnished,Plot,Medium,36698000.0
Bengaluru,3914,3,4,1,25,Yes,Yes,1,Semi Furnished,Independent House,High,57111000.0
Pune,1875,2,3,1,28,No,Yes,1,Semi Furnished,Villa,Low,23131000.0
Hyderabad,1681,4,1,1,3,Yes,Yes,2,Unfurnished,Apartment,Low,15394000.0
Nellore,990,1,4,3,16,Yes,Yes,3,Semi Furnished,Apartment,Low,6291000.0
Srikakulam,4229,1,2,2,16,No,Yes,0,Semi Furnished,Villa,Medium,28102000.0
Guntur,4034,1,3,4,27,No,Yes,1,Semi Furnished,Plot,Low,16091000.0
Nellore,3796,2,2,3,29,Yes,Yes,1,Unfurnished,Plot,Medium,14902000.0
Rajahmundry,2440,1,1,4,7,Yes,Yes,3,Unfurnished,Apartment,Medium,13847000.0
Hyderabad,4908,5,1,3,22,No,Yes,1,Semi Furnished,Independent House,Medium,54594000.0
Rajahmundry,2382,5,1,1,13,No,Yes,2,Semi Furnished,Independent House,Medium,16987000.0
Kadapa,3487,1,1,1,23,Yes,Yes,3,Unfurnished,Apartment,Low,14163000.0
Guntur,3659,5,1,2,28,No,Yes,1,Unfurnished,Villa,Low,26394000.0
Hyderabad,1181,4,2,2,3,No,Yes,3,Semi Furnished,Independent House,Low,13793000.0
Visakhapatnam,1573,5,1,4,5,Yes,Yes,3,Semi Furnished,Villa,High,22781000.0
Pune,2887,1,1,2,30,No,Yes,1,Semi Furnished,Villa,High,46136000.0
Nellore,2894,3,3,2,28,Yes,Yes,1,Unfurnished,Villa,Medium,21081000.0
Rajahmundry,3193,4,1,4,18,Yes,Yes,1,Semi Furnished,Plot,Medium,15125000.0
Chennai,1870,2,3,3,26,Yes,Yes,3,Unfurnished,Independent House,Medium,17720000.0
Tirupati,4840,1,3,2,28,Yes,Yes,2,Fully Furnished,Plot,Medium,27012000.0
Kadapa,2656,2,3,3,23,No,Yes,2,Semi Furnished,Independent House,Medium,14732000.0
Bengaluru,3080,3,2,1,3,Yes,Yes,0,Fully Furnished,Apartment,High,48058000.0
Anantapur,4891,2,2,2,2,No,Yes,1,Unfurnished,Villa,Medium,33176000.0
Kadapa,2659,1,4,1,19,No,Yes,2,Fully Furnished,Independent House,Low,15061000.0
Nellore,3748,1,4,1,5,No,Yes,0,Semi Furnished,Independent House,Medium,26063000.0
Nellore,4231,3,3,3,26,Yes,Yes,0,Fully Furnished,Apartment,Low,26698000.0
Rajahmundry,4329,1,2,4,22,Yes,Yes,1,Fully Furnished,Plot,Low,18204000.0
Ongole,2127,3,1,2,6,Yes,Yes,0,Fully Furnished,Independent House,Low,14674000.0
Kurnool,3972,3,4,3,13,No,Yes,2,Unfurnished,Independent House,Low,20626000.0
Bengaluru,527,1,2,4,30,Yes,Yes,0,Semi Furnished,Plot,Medium,2597000.0
Mumbai,2485,5,1,1,11,No,Yes,0,Unfurnished,Plot,Medium,24925000.0
Pune,4653,3,1,2,15,No,Yes,2,Fully Furnished,Independent House,Medium,58747000.0
Rajahmundry,2021,1,2,1,19,No,Yes,0,Fully Furnished,Plot,Medium,9690000.0
Rajahmundry,796,5,4,1,7,Yes,Yes,0,Unfurnished,Apartment,Medium,7032000.0
Kakinada,2681,3,2,2,22,Yes,Yes,3,Unfurnished,Apartment,High,18692000.0
Vijayawada,3902,5,4,4,1,No,Yes,0,Fully Furnished,Villa,Low,42761000.0
Bengaluru,2796,4,3,4,12,Yes,Yes,0,Semi Furnished,Independent House,Low,32635000.0
Delhi,3097,4,2,2,7,No,Yes,3,Unfurnished,Apartment,High,42115000.0
Visakhapatnam,1401,5,2,2,24,Yes,Yes,3,Fully Furnished,Apartment,High,15910000.0
Pune,1598,3,4,3,20,No,Yes,3,Fully Furnished,Apartment,Medium,20105000.0
Tirupati,2177,1,4,3,30,No,Yes,1,Semi Furnished,Villa,Medium,19762000.0
Tirupati,3381,2,2,1,19,Yes,Yes,1,Fully Furnished,Plot,Low,17399000.0
Chennai,1878,1,1,2,15,Yes,Yes,2,Unfurnished,Villa,Medium,22611000.0
Kakinada,1748,2,1,4,3,No,Yes,0,Fully Furnished,Villa,Low,16735000.0
Kakinada,4235,2,1,1,28,Yes,Yes,2,Fully Furnished,Villa,Medium,39637000.0
Delhi,4741,3,3,1,15,Yes,Yes,1,Fully Furnished,Villa,Medium,89957000.0
Ongole,1764,5,3,1,19,Yes,Yes,0,Fully Furnished,Independent House,Low,12092000.0
Tirupati,2407,1,4,1,5,Yes,Yes,0,Semi Furnished,Independent House,High,22900000.0
Srikakulam,1558,5,3,4,26,Yes,Yes,3,Unfurnished,Apartment,High,10203000.0
Rajahmundry,3249,4,1,1,3,No,Yes,1,Fully Furnished,Villa,Medium,31109000.0
Vijayawada,2548,3,2,2,15,Yes,Yes,0,Unfurnished,Villa,High,28038000.0
Hyderabad,4748,3,3,3,22,Yes,Yes,3,Semi Furnished,Apartment,Medium,48727000.0
Mumbai,2976,4,3,4,22,No,Yes,0,Unfurnished,Plot,High,34430000.0
Vijayawada,4516,1,1,2,20,Yes,Yes,1,Semi Furnished,Independent House,High,42313000.0
Kadapa,3697,4,3,2,12,Yes,Yes,2,Unfurnished,Villa,Low,23385000.0
Ongole,4053,1,4,2,4,No,Yes,2,Unfurnished,Plot,High,19907000.0
Bengaluru,4940,2,2,3,14,No,Yes,0,Fully Furnished,Plot,Medium,45324000.0
Pune,2261,3,1,3,25,Yes,Yes,3,Unfurnished,Villa,Low,25637000.0
Rajahmundry,720,1,4,3,7,No,Yes,3,Fully Furnished,Villa,High,9163000.0
Delhi,3388,5,1,2,6,No,Yes,3,Fully Furnished,Plot,Low,32537000.0
Kakinada,2164,5,4,3,13,Yes,Yes,1,Unfurnished,Independent House,High,17868000.0
Rajahmundry,4486,3,2,1,6,Yes,Yes,2,Fully Furnished,Independent House,Medium,34357000.0
Chennai,3477,4,2,3,21,No,Yes,2,Unfurnished,Villa,Medium,42114000.0
Delhi,2371,4,4,4,6,Yes,Yes,0,Fully Furnished,Villa,Low,42834000.0
Srikakulam,1962,1,4,2,22,Yes,Yes,2,Fully Furnished,Apartment,High,13570000.0
Chennai,844,4,4,2,25,No,Yes,3,Semi Furnished,Apartment,High,10529000.0
Pune,544,3,4,1,29,Yes,Yes,1,Semi Furnished,Independent House,Low,5856000.0
Visakhapatnam,2568,1,4,3,17,Yes,Yes,3,Unfurnished,Apartment,Low,17921000.0
Anantapur,2014,2,4,3,29,Yes,Yes,3,Fully Furnished,Plot,Medium,8237000.0
Pune,3098,4,2,4,9,Yes,Yes,2,Semi Furnished,Plot,Low,22481000.0
Srikakulam,1501,4,4,1,17,Yes,Yes,1,Semi Furnished,Plot,High,8014000.0
Kakinada,1533,1,3,4,13,Yes,Yes,1,Semi Furnished,Plot,Low,7638000.0
Bengaluru,2540,5,2,4,9,Yes,Yes,3,Fully Furnished,Villa,Medium,46412000.0
Delhi,773,4,1,2,6,Yes,Yes,0,Unfurnished,Plot,Low,7473000.0
Hyderabad,3147,3,2,2,29,No,Yes,2,Fully Furnished,Independent House,High,44364000.0
Rajahmundry,2279,4,1,3,25,No,Yes,0,Fully Furnished,Apartment,Low,13621000.0
Chennai,4976,2,1,3,6,Yes,Yes,3,Semi Furnished,Independent House,Low,48977000.0
Rajahmundry,978,4,3,4,6,No,Yes,2,Fully Furnished,Villa,Low,10505000.0
Chennai,1015,5,4,3,4,No,Yes,0,Fully Furnished,Apartment,Medium,13970000.0
Anantapur,4786,4,4,4,0,No,Yes,0,Semi Furnished,Apartment,Medium,28697000.0
Srikakulam,1691,1,2,3,13,Yes,Yes,0,Semi Furnished,Apartment,Medium,9043000.0
Kadapa,3168,4,4,3,17,Yes,Yes,2,Fully Furnished,Plot,Medium,15475000.0
Kadapa,1911,5,3,2,12,No,Yes,0,Semi Furnished,Villa,High,17669000.0
Hyderabad,3780,1,2,2,24,Yes,Yes,1,Unfurnished,Independent House,High,43049000.0
Delhi,771,3,2,2,7,Yes,Yes,3,Unfurnished,Plot,Medium,7614000.0
Vijayawada,642,1,2,2,7,Yes,Yes,2,Unfurnished,Apartment,Medium,5754000.0
Bengaluru,3832,2,4,1,9,No,Yes,1,Unfurnished,Independent House,Medium,43249000.0
Delhi,1287,1,4,2,16,Yes,Yes,0,Unfurnished,Independent House,Low,14488000.0
Bengaluru,2181,3,4,1,5,Yes,Yes,3,Semi Furnished,Independent House,High,34267000.0
Srikakulam,1122,4,2,2,14,Yes,No,0,Semi Furnished,Villa,Low,8668000.0
Hyderabad,4341,1,2,3,14,No,Yes,1,Unfurnished,Plot,Medium,28570000.0
Kadapa,4176,1,1,4,24,Yes,Yes,0,Unfurnished,Villa,High,30890000.0
Nellore,3072,1,1,3,15,Yes,Yes,2,Unfurnished,Apartment,Medium,17242000.0
Guntur,3760,1,4,3,30,Yes,Yes,1,Semi Furnished,Apartment,Low,21260000.0
Visakhapatnam,566,3,2,1,7,Yes,Yes,2,Semi Furnished,Independent House,High,8419000.0
Anantapur,4786,5,4,2,18,Yes,Yes,3,Fully Furnished,Independent House,Low,29364000.0
Srikakulam,1640,5,4,4,19,Yes,Yes,2,Fully Furnished,Independent House,High,14960000.0
Bengaluru,2814,1,1,4,14,Yes,Yes,2,Fully Furnished,Villa,Medium,49338000.0
Nellore,3032,3,3,2,2,Yes,Yes,0,Fully Furnished,Plot,High,19824000.0
Bengaluru,4080,3,4,1,5,No,Yes,0,Semi Furnished,Villa,Low,58436000.0
Rajahmundry,1687,1,3,1,29,Yes,Yes,1,Semi Furnished,Apartment,Low,7650000.0
Ongole,4971,2,3,1,24,Yes,Yes,3,Semi Furnished,Independent House,Low,27906000.0
Mumbai,3839,1,2,4,30,Yes,Yes,1,Semi Furnished,Independent House,Low,54979000.0
Rajahmundry,1048,2,2,1,7,Yes,Yes,3,Unfurnished,Villa,Medium,9258000.0
Guntur,4587,1,4,1,30,Yes,Yes,3,Fully Furnished,Apartment,Low,29333000.0
Srikakulam,572,2,1,4,15,Yes,Yes,2,Semi Furnished,Plot,Medium,2774000.0
Nellore,698,2,1,4,14,No,No,0,Semi Furnished,Independent House,High,5830000.0
Visakhapatnam,3701,1,4,3,12,Yes,Yes,3,Fully Furnished,Independent House,Low,33845000.0
Guntur,2281,2,4,4,25,Yes,Yes,0,Semi Furnished,Apartment,High,18267000.0
Tirupati,1071,4,1,2,19,Yes,Yes,3,Unfurnished,Independent House,High,9659000.0
Rajahmundry,1290,5,3,4,14,Yes,Yes,0,Semi Furnished,Plot,Medium,7745000.0
Visakhapatnam,2138,3,4,4,17,Yes,Yes,1,Fully Furnished,Villa,Low,24797000.0
Ongole,2331,2,3,1,12,Yes,Yes,0,Unfurnished,Apartment,Medium,12262000.0
Vijayawada,2355,2,4,3,23,Yes,Yes,2,Unfurnished,Independent House,Low,15468000.0
Kadapa,1674,3,4,1,7,Yes,Yes,3,Fully Furnished,Independent House,High,14823000.0
Ongole,4240,2,3,3,13,Yes,Yes,2,Fully Furnished,Plot,Medium,20471000.0
Chennai,3777,3,3,1,27,Yes,Yes,3,Unfurnished,Villa,Low,40664000.0
Anantapur,678,1,1,2,10,Yes,Yes,2,Semi Furnished,Plot,High,4139000.0
Vijayawada,2744,4,4,1,5,Yes,Yes,3,Fully Furnished,Villa,Medium,34003000.0
Kakinada,4586,4,2,1,29,Yes,Yes,0,Unfurnished,Plot,Medium,18839000.0
Mumbai,1234,5,2,2,23,Yes,Yes,3,Fully Furnished,Villa,Medium,29193000.0
Hyderabad,1298,2,4,2,24,Yes,Yes,2,Semi Furnished,Independent House,Medium,14840000.0
Kakinada,1287,5,4,4,28,Yes,No,2,Semi Furnished,Independent House,High,11717000.0
Tirupati,3295,1,4,1,0,Yes,Yes,3,Unfurnished,Independent House,High,29374000.0
Ongole,4804,4,3,2,24,Yes,Yes,3,Semi Furnished,Apartment,High,33107000.0
Srikakulam,3584,1,2,2,1,Yes,Yes,1,Semi Furnished,Villa,High,30055000.0
Pune,3418,1,2,4,29,Yes,Yes,1,Semi Furnished,Apartment,Low,30985000.0
Chennai,1231,2,2,3,12,Yes,No,0,Fully Furnished,Villa,High,22030000.0
Chennai,1629,1,4,2,0,No,Yes,0,Unfurnished,Independent House,Medium,17000000.0
Vijayawada,3946,4,3,2,23,No,Yes,0,Unfurnished,Apartment,Medium,27368000.0
Kadapa,2105,5,4,1,23,Yes,Yes,0,Unfurnished,Apartment,Medium,10051000.0
Mumbai,4278,4,1,4,26,No,Yes,0,Semi Furnished,Plot,Medium,45864000.0
Kurnool,3245,2,1,1,3,Yes,Yes,3,Fully Furnished,Villa,Low,26107000.0
Nellore,3670,4,2,3,23,Yes,Yes,1,Unfurnished,Plot,Medium,15573000.0
Tirupati,3433,3,4,4,22,No,Yes,3,Fully Furnished,Apartment,Medium,28155000.0
Bengaluru,1715,5,1,1,28,No,Yes,1,Unfurnished,Apartment,Medium,17966000.0
Tirupati,824,3,1,2,1,No,Yes,1,Semi Furnished,Independent House,High,8674000.0
Ongole,2350,3,4,2,20,Yes,Yes,2,Unfurnished,Plot,High,11196000.0
Visakhapatnam,1990,2,3,4,29,Yes,Yes,2,Unfurnished,Plot,Low,9191000.0
Nellore,1393,1,4,2,25,Yes,Yes,1,Semi Furnished,Plot,Low,5252000.0
Kurnool,1890,3,4,1,19,Yes,Yes,3,Semi Furnished,Villa,Low,14273000.0
Rajahmundry,3889,4,3,4,15,Yes,Yes,1,Unfurnished,Apartment,Medium,22666000.0
Anantapur,4739,1,2,2,2,No,Yes,0,Fully Furnished,Plot,Low,19454000.0
Ongole,4979,4,2,2,16,Yes,Yes,3,Semi Furnished,Independent House,High,37953000.0
Kurnool,2763,4,2,3,4,Yes,Yes,3,Unfurnished,Apartment,High,18538000.0
Chennai,3932,1,3,3,25,Yes,Yes,1,Semi Furnished,Independent House,High,48463000.0
Tirupati,2871,1,1,4,7,Yes,No,0,Fully Furnished,Apartment,Medium,24278000.0
Hyderabad,3586,4,3,3,11,Yes,Yes,1,Unfurnished,Independent House,Medium,37220000.0
Pune,4812,2,4,1,24,No,Yes,0,Unfurnished,Plot,Low,28563000.0
Anantapur,2015,5,3,2,22,Yes,Yes,3,Fully Furnished,Plot,Low,8905000.0
Tirupati,3417,5,1,2,11,Yes,Yes,1,Fully Furnished,Independent House,Low,28609000.0
Chennai,2852,2,1,2,26,No,Yes,0,Unfurnished,Villa,Low,28962000.0
Visakhapatnam,1667,1,4,4,0,No,Yes,2,Fully Furnished,Independent House,Medium,18348000.0
Nellore,610,4,2,4,0,No,Yes,3,Fully Furnished,Apartment,High,7829000.0
Mumbai,4827,5,1,3,14,No,Yes,3,Unfurnished,Independent House,Medium,71648000.0
Tirupati,4155,4,1,2,16,Yes,No,2,Semi Furnished,Independent House,Low,30296000.0
Vijayawada,4293,2,1,2,1,No,Yes,0,Fully Furnished,Apartment,Medium,36283000.0
Delhi,2255,4,4,2,16,Yes,No,3,Semi Furnished,Plot,High,25579000.0
Pune,2077,2,1,2,19,No,Yes,0,Semi Furnished,Apartment,Medium,21082000.0
Chennai,1796,1,2,2,25,Yes,Yes,2,Semi Furnished,Independent House,High,22167000.0
Hyderabad,4274,2,4,1,8,Yes,Yes,1,Fully Furnished,Apartment,Low,44873000.0
Srikakulam,2720,2,2,2,11,Yes,Yes,3,Unfurnished,Independent House,Medium,14432000.0
Kurnool,1472,5,1,1,3,Yes,Yes,3,Unfurnished,Plot,Low,7242000.0
Tirupati,1530,4,1,2,12,Yes,Yes,0,Unfurnished,Independent House,Low,10498000.0
Mumbai,3093,5,2,4,3,Yes,Yes,3,Unfurnished,Independent House,High,55939000.0
Hyderabad,4492,3,4,4,6,No,Yes,1,Unfurnished,Plot,High,36743000.0
Tirupati,1413,2,4,1,13,Yes,Yes,2,Unfurnished,Apartment,Low,9959000.0
Pune,2681,3,2,2,26,Yes,Yes,3,Semi Furnished,Villa,High,44345000.0
Guntur,3697,5,1,4,8,No,Yes,2,Semi Furnished,Villa,High,40100000.0
Delhi,1962,4,3,4,22,Yes,Yes,0,Semi Furnished,Independent House,Low,24412000.0
Pune,2878,5,2,2,0,Yes,Yes,1,Fully Furnished,Independent House,Low,35525000.0
Bengaluru,3954,4,2,2,0,Yes,Yes,3,Fully Furnished,Plot,High,46215000.0
Kadapa,4053,4,2,4,19,Yes,Yes,2,Fully Furnished,Apartment,Low,22197000.0
Hyderabad,1807,1,1,2,3,No,No,1,Unfurnished,Villa,Low,21452000.0
Guntur,1689,2,4,3,0,No,Yes,2,Semi Furnished,Villa,High,20007000.0
Pune,1187,5,1,2,21,No,Yes,0,Fully Furnished,Plot,Medium,10055000.0
Kurnool,1707,4,2,4,9,Yes,Yes,1,Semi Furnished,Plot,Medium,8619000.0
Tirupati,2394,5,1,4,1,Yes,Yes,1,Unfurnished,Villa,Low,20880000.0
Mumbai,2311,5,1,1,26,Yes,Yes,0,Semi Furnished,Apartment,High,40936000.0
Bengaluru,3683,4,2,3,20,Yes,Yes,0,Unfurnished,Apartment,Low,35112000.0
Bengaluru,4297,3,1,4,23,Yes,Yes,3,Fully Furnished,Apartment,High,64969000.0
Kurnool,2144,2,3,3,14,Yes,Yes,0,Unfurnished,Independent House,Low,11544000.0
Bengaluru,4468,2,1,2,2,Yes,Yes,0,Unfurnished,Apartment,Low,42677000.0
Chennai,3216,1,1,4,24,Yes,Yes,2,Semi Furnished,Independent House,High,39854000.0
Kadapa,690,1,4,1,22,Yes,Yes,1,Unfurnished,Independent House,Low,2736000.0
Anantapur,1835,1,4,4,8,No,Yes,2,Fully Furnished,Plot,Medium,9606000.0
Kakinada,3606,2,2,1,16,Yes,Yes,0,Fully Furnished,Independent House,Medium,28675000.0
Mumbai,878,3,2,3,20,No,Yes,3,Unfurnished,Independent House,High,16463000.0
Nellore,4982,2,4,1,27,No,Yes,2,Semi Furnished,Plot,Low,20122000.0
Ongole,4329,2,3,2,12,Yes,Yes,2,Fully Furnished,Apartment,Medium,28953000.0
Delhi,1115,2,1,2,2,Yes,Yes,1,Fully Furnished,Apartment,High,19321000.0
Visakhapatnam,2830,2,3,2,3,Yes,Yes,1,Unfurnished,Villa,High,34550000.0
Hyderabad,2254,3,3,4,3,Yes,Yes,1,Unfurnished,Villa,High,34957000.0
Kadapa,963,1,4,2,10,Yes,Yes,3,Fully Furnished,Independent House,Medium,8048000.0
Pune,1466,5,2,2,27,No,Yes,3,Unfurnished,Villa,Medium,18799000.0
Hyderabad,4767,1,1,4,6,No,Yes,0,Unfurnished,Plot,Medium,31825000.0
Kurnool,3658,1,2,3,25,Yes,Yes,0,Fully Furnished,Villa,Medium,30197000.0
Pune,4124,5,3,2,10,No,Yes,1,Semi Furnished,Villa,Low,53001000.0
Hyderabad,1189,2,3,2,23,Yes,Yes,2,Semi Furnished,Independent House,Medium,12735000.0
Ongole,3122,3,2,4,10,No,Yes,1,Fully Furnished,Plot,High,19006000.0
Visakhapatnam,2712,3,2,3,9,Yes,Yes,0,Unfurnished,Villa,Low,25910000.0
Chennai,882,1,4,3,4,Yes,Yes,2,Fully Furnished,Apartment,Medium,11899000.0
Nellore,2756,5,2,3,12,Yes,Yes,0,Fully Furnished,Plot,Low,13902000.0
Nellore,4310,4,2,4,28,No,Yes,3,Unfurnished,Plot,High,21118000.0
Pune,4003,2,4,1,11,Yes,Yes,1,Semi Furnished,Independent House,Medium,45956000.0
Ongole,1912,1,2,1,9,Yes,Yes,1,Semi Furnished,Plot,Low,7729000.0
Nellore,2083,3,3,2,6,No,Yes,2,Unfurnished,Plot,Medium,10378000.0
Tirupati,871,5,2,2,18,No,Yes,1,Fully Furnished,Plot,Low,5881000.0
Kurnool,1110,5,1,2,18,Yes,Yes,0,Unfurnished,Plot,Low,4719000.0
Tirupati,615,1,3,1,18,No,Yes,0,Fully Furnished,Plot,High,3814000.0
Anantapur,946,4,4,4,11,Yes,Yes,3,Unfurnished,Plot,High,5749000.0
Anantapur,1891,3,3,2,19,Yes,Yes,0,Unfurnished,Plot,Medium,7240000.0
Delhi,3824,1,4,4,21,Yes,Yes,2,Semi Furnished,Apartment,Medium,46957000.0
Visakhapatnam,1840,4,1,2,14,Yes,Yes,0,Semi Furnished,Plot,Low,10866000.0
Guntur,3439,5,1,4,4,Yes,Yes,3,Unfurnished,Independent House,High,28066000.0
Tirupati,4199,2,3,4,23,Yes,Yes,3,Unfurnished,Apartment,High,32338000.0
Kurnool,1573,3,2,1,29,Yes,No,1,Semi Furnished,Plot,Low,4863000.0
Kakinada,4069,3,3,4,13,No,Yes,2,Fully Furnished,Villa,High,47853000.0
Chennai,3650,4,3,3,11,No,Yes,0,Semi Furnished,Independent House,High,46696000.0
Srikakulam,2105,1,1,1,28,Yes,Yes,3,Fully Furnished,Apartment,Low,9697000.0
Tirupati,2794,5,4,2,20,Yes,Yes,0,Semi Furnished,Independent House,Medium,23180000.0
Srikakulam,4162,4,3,1,10,Yes,Yes,3,Semi Furnished,Apartment,Medium,23144000.0
Ongole,4982,2,2,3,27,No,Yes,1,Fully Furnished,Villa,Medium,42555000.0
Anantapur,1483,2,1,3,4,Yes,Yes,3,Unfurnished,Independent House,Low,8094000.0
Visakhapatnam,851,2,3,4,15,Yes,Yes,1,Semi Furnished,Independent House,Medium,8089000.0
Chennai,2224,4,3,3,29,Yes,Yes,2,Semi Furnished,Apartment,Low,20467000.0
Ongole,2451,5,2,3,25,Yes,No,0,Semi Furnished,Apartment,Low,12689000.0
Mumbai,1779,3,3,3,17,Yes,Yes,0,Unfurnished,Villa,High,39869000.0
Mumbai,2407,1,3,3,11,No,Yes,1,Semi Furnished,Plot,High,31194000.0
Ongole,1524,3,3,2,26,Yes,Yes,2,Unfurnished,Apartment,Medium,7798000.0
Hyderabad,1045,5,3,2,26,Yes,Yes,1,Semi Furnished,Apartment,Low,10627000.0
Kurnool,4674,3,2,1,4,Yes,Yes,3,Fully Furnished,Apartment,Medium,30686000.0
Srikakulam,2881,4,3,4,15,No,Yes,1,Semi Furnished,Villa,Medium,21317000.0
Kakinada,1388,2,3,2,30,Yes,Yes,2,Semi Furnished,Plot,High,7487000.0
Hyderabad,1605,5,3,3,11,Yes,Yes,3,Unfurnished,Plot,Medium,13248000.0
Tirupati,3049,5,1,4,22,Yes,Yes,0,Unfurnished,Villa,Medium,27487000.0
Kadapa,2490,3,2,2,1,No,Yes,0,Unfurnished,Plot,High,11930000.0
Delhi,4498,4,1,1,29,Yes,Yes,0,Fully Furnished,Independent House,Medium,66718000.0
Kadapa,4275,3,1,3,28,Yes,Yes,2,Fully Furnished,Villa,Medium,33586000.0
Tirupati,3312,3,2,4,5,No,Yes,2,Unfurnished,Apartment,Low,20686000.0
Delhi,1420,5,1,2,22,No,Yes,2,Fully Furnished,Plot,Medium,15213000.0
Guntur,2561,3,1,4,20,Yes,Yes,2,Unfurnished,Independent House,High,19568000.0
Anantapur,4987,2,1,2,24,No,Yes,2,Fully Furnished,Villa,High,46816000.0
Kurnool,4139,3,2,1,29,Yes,Yes,3,Unfurnished,Villa,Low,24606000.0
Bengaluru,3665,2,3,3,3,Yes,Yes,1,Unfurnished,Apartment,High,46476000.0
Delhi,4935,5,4,1,29,Yes,Yes,0,Fully Furnished,Apartment,High,81527000.0
Kadapa,3144,4,4,3,29,Yes,Yes,2,Semi Furnished,Villa,High,26396000.0
Bengaluru,1545,2,2,3,12,Yes,Yes,0,Unfurnished,Independent House,Medium,17888000.0
Mumbai,4056,4,4,4,9,Yes,Yes,2,Unfurnished,Apartment,Low,51796000.0
Anantapur,3181,4,2,2,30,No,Yes,0,Semi Furnished,Villa,Low,20293000.0
Ongole,3699,2,2,1,16,No,Yes,1,Unfurnished,Villa,Low,23115000.0
Srikakulam,1438,5,4,1,13,Yes,Yes,0,Unfurnished,Apartment,Low,7804000.0
Chennai,941,1,1,1,23,Yes,Yes,0,Fully Furnished,Plot,High,8040000.0
Nellore,3050,4,3,4,14,Yes,Yes,2,Semi Furnished,Independent House,Medium,22438000.0
Delhi,4725,4,4,4,7,Yes,Yes,3,Unfurnished,Plot,High,47595000.0
Nellore,1096,5,4,4,22,Yes,Yes,3,Unfurnished,Plot,High,7512000.0
Visakhapatnam,2005,5,4,3,23,Yes,Yes,0,Semi Furnished,Independent House,High,21683000.0
Nellore,1361,3,4,1,17,Yes,Yes,3,Semi Furnished,Independent House,High,12280000.0
Pune,3140,5,2,3,2,Yes,Yes,1,Fully Furnished,Apartment,Low,35928000.0
Srikakulam,4231,4,2,1,24,No,Yes,1,Fully Furnished,Apartment,Low,21174000.0
Kakinada,2051,2,3,1,16,No,Yes,3,Fully Furnished,Apartment,Medium,15571000.0
Guntur,3736,1,3,2,23,Yes,Yes,3,Unfurnished,Independent House,High,27979000.0
Delhi,2236,3,4,1,23,Yes,Yes,1,Semi Furnished,Plot,Low,18697000.0
Tirupati,1949,2,4,4,6,Yes,Yes,3,Fully Furnished,Independent House,Medium,19040000.0
Ongole,764,1,4,4,12,Yes,Yes,3,Semi Furnished,Apartment,High,6824000.0
Anantapur,3159,1,3,4,29,Yes,Yes,2,Unfurnished,Plot,High,12139000.0
Guntur,3221,1,4,2,26,Yes,Yes,2,Unfurnished,Apartment,Low,16288000.0
Pune,1962,2,1,2,15,Yes,No,3,Semi Furnished,Plot,High,17721000.0
Vijayawada,4752,3,3,3,4,Yes,Yes,3,Semi Furnished,Apartment,High,44601000.0
Kadapa,1945,3,1,1,3,Yes,Yes,2,Fully Furnished,Independent House,Low,13066000.0
Kakinada,2798,1,4,1,25,Yes,Yes,2,Semi Furnished,Villa,Medium,23884000.0
Anantapur,3425,2,2,4,9,Yes,Yes,3,Fully Furnished,Villa,Medium,29148000.0
Pune,2132,1,1,4,12,No,Yes,2,Semi Furnished,Plot,Low,15023000.0
Pune,2874,5,3,4,30,No,Yes,1,Semi Furnished,Independent House,Low,29416000.0
Vijayawada,1012,3,1,4,9,Yes,Yes,0,Semi Furnished,Apartment,Medium,8688000.0
Kurnool,715,4,3,4,13,Yes,Yes,1,Unfurnished,Plot,Medium,5036000.0
Chennai,3831,1,4,4,25,No,Yes,2,Unfurnished,Plot,Low,21567000.0
Kurnool,2672,5,1,1,21,Yes,Yes,1,Unfurnished,Apartment,Low,12959000.0
Vijayawada,3653,3,2,2,11,No,Yes,0,Fully Furnished,Apartment,Low,28900000.0
Guntur,2206,2,1,4,26,Yes,Yes,2,Fully Furnished,Apartment,High,18664000.0
Ongole,2606,3,2,1,0,No,Yes,1,Unfurnished,Independent House,Low,15002000.0
Nellore,2067,2,3,4,28,No,Yes,1,Unfurnished,Villa,High,18539000.0
Vijayawada,2708,2,4,3,20,Yes,Yes,0,Semi Furnished,Plot,Medium,14727000.0
Mumbai,2831,1,4,3,29,Yes,Yes,2,Semi Furnished,Plot,Medium,29659000.0
Vijayawada,2653,1,2,1,19,Yes,Yes,3,Fully Furnished,Villa,Low,27182000.0
Ongole,1628,3,3,2,19,Yes,Yes,2,Fully Furnished,Plot,Low,7495000.0
Vijayawada,4010,5,4,3,6,Yes,Yes,0,Semi Furnished,Independent House,Medium,35594000.0
Mumbai,4823,3,3,3,8,Yes,Yes,0,Fully Furnished,Apartment,Medium,82527000.0
Mumbai,4153,4,2,2,7,Yes,Yes,0,Unfurnished,Villa,Medium,77588000.0
Anantapur,2865,2,2,3,26,Yes,Yes,0,Semi Furnished,Independent House,Medium,15754000.0
Srikakulam,3421,2,1,4,12,No,Yes,3,Semi Furnished,Apartment,Low,16575000.0
Bengaluru,1579,1,4,2,13,Yes,Yes,2,Fully Furnished,Villa,High,32840000.0
Rajahmundry,4011,5,4,3,11,Yes,Yes,2,Semi Furnished,Independent House,Medium,28827000.0
Kurnool,3241,1,1,2,7,Yes,Yes,1,Semi Furnished,Villa,Medium,25661000.0
Ongole,3520,4,2,4,20,Yes,Yes,3,Unfurnished,Villa,High,29815000.0
Visakhapatnam,728,3,2,3,21,Yes,Yes,3,Semi Furnished,Independent House,Low,6295000.0
Pune,670,3,2,1,17,No,No,1,Semi Furnished,Plot,High,6115000.0
Anantapur,794,5,2,3,15,Yes,Yes,1,Semi Furnished,Independent House,Low,5936000.0
Tirupati,4784,1,3,3,28,Yes,Yes,2,Semi Furnished,Villa,Low,40248000.0
Chennai,925,1,4,4,10,Yes,Yes,2,Unfurnished,Villa,Low,11354000.0
Bengaluru,1418,4,4,1,15,Yes,Yes,2,Semi Furnished,Independent House,Low,17322000.0
Rajahmundry,3753,3,2,1,13,No,Yes,3,Unfurnished,Apartment,Low,19005000.0
Bengaluru,998,1,2,1,2,Yes,Yes,3,Unfurnished,Apartment,Medium,11760000.0
Chennai,3309,5,2,4,20,Yes,Yes,1,Unfurnished,Apartment,Low,27637000.0
Kakinada,1325,3,4,4,1,Yes,Yes,0,Fully Furnished,Apartment,Medium,12362000.0
Rajahmundry,4279,4,4,4,2,No,Yes,0,Fully Furnished,Independent House,Low,30280000.0
Pune,2358,5,2,4,3,Yes,Yes,0,Semi Furnished,Plot,Medium,20379000.0
Vijayawada,2618,2,3,4,21,No,Yes,0,Unfurnished,Apartment,High,20821000.0
Visakhapatnam,645,4,1,1,4,Yes,Yes,0,Fully Furnished,Villa,High,11295000.0
Rajahmundry,4077,5,1,2,9,Yes,Yes,2,Semi Furnished,Apartment,Medium,26022000.0
Srikakulam,692,1,1,4,19,Yes,Yes,1,Fully Furnished,Plot,Low,2434000.0
Guntur,4388,2,4,2,28,Yes,Yes,0,Unfurnished,Independent House,Medium,28056000.0
Ongole,551,4,4,3,30,Yes,Yes,0,Semi Furnished,Plot,Medium,1748000.0
Visakhapatnam,2910,1,1,3,1,Yes,Yes,0,Unfurnished,Plot,Low,14950000.0
Kurnool,2320,2,1,4,11,Yes,Yes,2,Unfurnished,Plot,High,10096000.0
Anantapur,3464,3,3,3,26,No,No,0,Fully Furnished,Apartment,Medium,20499000.0
Delhi,3021,1,4,2,4,Yes,Yes,1,Semi Furnished,Apartment,High,45997000.0
Kadapa,2369,5,4,3,4,Yes,Yes,2,Semi Furnished,Plot,High,13587000.0
Nellore,3068,4,1,3,26,Yes,Yes,2,Semi Furnished,Independent House,High,24688000.0
Kadapa,2367,2,3,2,22,Yes,Yes,3,Fully Furnished,Apartment,Medium,14622000.0
Srikakulam,3238,1,3,3,0,Yes,Yes,3,Semi Furnished,Independent House,Medium,19981000.0
Ongole,3769,3,1,4,3,Yes,Yes,2,Fully Furnished,Apartment,Low,23611000.0
Rajahmundry,3699,4,1,2,26,Yes,Yes,0,Semi Furnished,Independent House,Low,21588000.0
Kakinada,3079,4,4,2,20,Yes,Yes,0,Fully Furnished,Apartment,Medium,23745000.0
Tirupati,4505,1,1,1,23,Yes,Yes,0,Semi Furnished,Plot,Low,19407000.0
Nellore,740,3,2,1,11,No,Yes,0,Fully Furnished,Villa,High,9321000.0
Rajahmundry,3940,2,3,2,30,Yes,Yes,3,Unfurnished,Villa,High,32969000.0
Kakinada,1907,1,1,2,11,Yes,Yes,1,Unfurnished,Independent House,Medium,11576000.0
Bengaluru,4002,2,2,1,15,No,Yes,2,Unfurnished,Independent House,High,52051000.0
Bengaluru,4538,4,3,4,23,Yes,Yes,0,Semi Furnished,Plot,Medium,38062000.0
Mumbai,582,2,2,3,16,Yes,Yes,3,Fully Furnished,Plot,Medium,8228000.0
Chennai,4268,3,2,3,20,Yes,Yes,1,Unfurnished,Independent House,Medium,40304000.0
Rajahmundry,1450,5,1,3,9,No,Yes,2,Semi Furnished,Villa,High,16009000.0
Delhi,1110,3,3,2,16,No,Yes,2,Fully Furnished,Plot,Medium,11901000.0
Ongole,4105,2,2,4,16,No,Yes,2,Unfurnished,Independent House,Medium,22977000.0
Kurnool,3783,1,4,1,17,Yes,Yes,0,Unfurnished,Plot,Low,12687000.0
Srikakulam,2673,4,3,4,1,Yes,Yes,2,Semi Furnished,Plot,High,14438000.0
Vijayawada,3984,5,4,4,30,Yes,Yes,0,Fully Furnished,Apartment,Medium,35025000.0
Anantapur,2022,1,1,3,30,Yes,Yes,1,Semi Furnished,Plot,Low,5868000.0
Mumbai,3101,1,4,1,24,No,Yes,3,Unfurnished,Independent House,Medium,44791000.0
Visakhapatnam,3157,3,3,4,3,Yes,Yes,3,Semi Furnished,Plot,High,24680000.0
Hyderabad,2659,2,2,1,18,Yes,Yes,3,Semi Furnished,Independent House,Low,26860000.0
Visakhapatnam,2949,3,2,2,10,No,Yes,2,Unfurnished,Apartment,Low,21102000.0
Delhi,4330,2,3,3,16,No,Yes,3,Unfurnished,Apartment,Medium,49223000.0
Kadapa,621,3,2,1,11,Yes,No,1,Fully Furnished,Villa,Medium,6394000.0
Rajahmundry,4868,1,4,2,1,Yes,Yes,0,Fully Furnished,Apartment,High,40744000.0
Kurnool,1817,4,2,2,5,Yes,Yes,3,Unfurnished,Apartment,High,13320000.0
Guntur,4993,2,2,2,8,Yes,Yes,0,Unfurnished,Independent House,Medium,32478000.0
Guntur,3018,5,4,4,4,Yes,Yes,0,Fully Furnished,Villa,Low,30355000.0
Rajahmundry,1730,5,4,4,19,Yes,Yes,3,Semi Furnished,Apartment,High,14228000.0
Nellore,1633,1,4,3,28,No,Yes,3,Unfurnished,Plot,High,7393000.0
Mumbai,1801,3,1,3,20,Yes,Yes,3,Unfurnished,Villa,Low,29821000.0
Kadapa,4534,3,4,2,8,Yes,Yes,2,Semi Furnished,Apartment,Medium,25933000.0
Nellore,2410,1,4,3,27,Yes,Yes,3,Fully Furnished,Villa,High,26929000.0
Tirupati,2005,5,1,4,28,Yes,Yes,2,Fully Furnished,Apartment,Low,14818000.0
Kurnool,3685,5,2,3,22,Yes,Yes,1,Semi Furnished,Independent House,High,26532000.0
Chennai,2416,3,4,1,7,No,Yes,0,Unfurnished,Villa,Low,27752000.0
Kakinada,4048,2,3,4,30,No,Yes,1,Semi Furnished,Villa,High,40869000.0
Srikakulam,3257,4,4,2,19,Yes,Yes,3,Unfurnished,Apartment,Medium,16989000.0
Kadapa,2456,2,4,2,26,No,Yes,0,Fully Furnished,Villa,Low,17392000.0
Chennai,678,5,1,3,7,Yes,Yes,3,Unfurnished,Apartment,High,9721000.0
Mumbai,1396,2,3,4,21,Yes,Yes,3,Unfurnished,Plot,High,16397000.0
Guntur,2051,4,2,2,20,Yes,Yes,0,Unfurnished,Villa,Low,15526000.0
Hyderabad,991,2,2,2,28,No,Yes,1,Unfurnished,Villa,Low,10789000.0
Hyderabad,560,2,3,4,27,Yes,Yes,3,Unfurnished,Independent House,Medium,5440000.0
Vijayawada,1577,2,4,4,22,Yes,Yes,0,Fully Furnished,Independent House,Low,12957000.0
Tirupati,3395,2,1,2,5,No,Yes,1,Semi Furnished,Villa,High,39658000.0
Kurnool,4660,1,3,3,2,Yes,Yes,2,Fully Furnished,Independent House,Medium,33301000.0
Nellore,4183,5,3,3,4,Yes,No,1,Unfurnished,Villa,Low,31171000.0
Visakhapatnam,1085,4,2,3,8,Yes,Yes,1,Semi Furnished,Apartment,High,13017000.0
Guntur,4460,5,1,1,6,Yes,Yes,0,Unfurnished,Villa,Low,33329000.0
Tirupati,4270,1,3,4,27,Yes,Yes,1,Fully Furnished,Villa,High,53541000.0
Vijayawada,1034,1,1,2,3,Yes,Yes,2,Fully Furnished,Plot,High,8975000.0
Nellore,3962,1,4,1,6,No,No,2,Unfurnished,Independent House,Medium,24418000.0
Visakhapatnam,4511,1,2,3,4,Yes,No,3,Unfurnished,Independent House,Medium,37137000.0
Kakinada,3898,2,4,1,10,Yes,Yes,2,Semi Furnished,Plot,Low,18051000.0
Kurnool,2655,5,1,2,28,Yes,Yes,3,Semi Furnished,Apartment,Medium,15115000.0
Delhi,1504,3,4,2,14,No,Yes,2,Unfurnished,Apartment,Low,16131000.0
Kurnool,2999,4,2,4,1,No,Yes,1,Semi Furnished,Apartment,Medium,19505000.0
Srikakulam,826,1,1,3,12,Yes,Yes,3,Unfurnished,Plot,Medium,3303000.0
Kadapa,3206,5,3,3,21,Yes,Yes,2,Unfurnished,Villa,Low,19673000.0
Vijayawada,501,1,4,1,15,No,Yes,1,Unfurnished,Apartment,Medium,4266000.0
Bengaluru,1533,1,2,3,6,No,Yes,1,Fully Furnished,Apartment,Medium,20269000.0
Srikakulam,2981,1,3,1,7,Yes,Yes,3,Unfurnished,Plot,Medium,10824000.0
Srikakulam,624,1,2,2,5,Yes,No,0,Unfurnished,Independent House,Medium,3649000.0
Kakinada,1604,1,1,2,23,Yes,No,1,Unfurnished,Plot,Low,5504000.0
Vijayawada,3199,4,1,2,6,Yes,Yes,1,Semi Furnished,Independent House,High,32424000.0
Visakhapatnam,2361,5,4,2,17,No,Yes,0,Unfurnished,Apartment,Low,16928000.0
Srikakulam,3420,1,2,2,29,Yes,Yes,3,Fully Furnished,Apartment,Low,16104000.0
Mumbai,628,1,2,1,21,Yes,Yes,2,Fully Furnished,Villa,Low,12899000.0
Guntur,937,1,2,2,24,Yes,Yes,2,Unfurnished,Villa,Medium,6714000.0
Visakhapatnam,3048,1,1,1,27,Yes,Yes,1,Unfurnished,Independent House,Medium,22175000.0
Vijayawada,3629,2,4,2,21,Yes,Yes,0,Unfurnished,Apartment,High,29239000.0
Kakinada,1721,2,2,1,19,Yes,Yes,1,Fully Furnished,Apartment,Medium,12700000.0
Bengaluru,1401,3,2,1,6,Yes,Yes,3,Semi Furnished,Plot,High,15572000.0
Delhi,3668,1,3,1,2,Yes,Yes,1,Semi Furnished,Apartment,High,54972000.0
Kadapa,4986,3,2,3,4,Yes,Yes,2,Unfurnished,Apartment,Medium,25280000.0
Mumbai,4418,4,4,1,0,No,Yes,0,Semi Furnished,Plot,High,58539000.0
Pune,1567,3,3,1,14,No,Yes,3,Fully Furnished,Plot,Low,13334000.0
Nellore,526,5,3,2,25,Yes,No,1,Unfurnished,Apartment,Low,2787000.0
Srikakulam,1047,2,3,1,2,No,Yes,2,Semi Furnished,Villa,Low,7807000.0
Kadapa,3168,2,1,1,7,Yes,Yes,1,Unfurnished,Villa,High,24475000.0
Bengaluru,1066,1,3,4,24,Yes,Yes,2,Unfurnished,Apartment,High,12150000.0
Visakhapatnam,1203,1,2,3,8,No,Yes,0,Fully Furnished,Villa,Low,13815000.0
Guntur,4780,4,1,4,14,Yes,Yes,3,Fully Furnished,Plot,Medium,26145000.0
Mumbai,3640,4,1,2,9,Yes,Yes,1,Semi Furnished,Villa,Low,67814000.0
Vijayawada,2090,5,1,3,1,No,Yes,3,Fully Furnished,Apartment,Medium,19967000.0
Vijayawada,1305,1,1,3,19,No,Yes,0,Unfurnished,Villa,Medium,11062000.0
Visakhapatnam,4291,1,1,4,4,Yes,Yes,2,Fully Furnished,Apartment,High,47122000.0
Rajahmundry,1857,4,1,3,30,No,Yes,0,Semi Furnished,Villa,High,17337000.0
Bengaluru,3725,4,1,4,18,Yes,Yes,0,Semi Furnished,Apartment,Medium,43208000.0
Anantapur,4118,4,3,1,12,Yes,Yes,3,Semi Furnished,Apartment,Medium,24120000.0
Kurnool,2626,2,4,4,10,Yes,Yes,0,Fully Furnished,Villa,Medium,23990000.0
Kakinada,2960,3,2,3,0,Yes,Yes,1,Fully Furnished,Villa,High,35900000.0
Guntur,1045,3,2,3,21,Yes,Yes,2,Fully Furnished,Plot,Low,5256000.0
Rajahmundry,3228,1,3,2,29,Yes,Yes,0,Fully Furnished,Independent House,Medium,22283000.0
Visakhapatnam,4234,2,3,2,14,Yes,Yes,1,Fully Furnished,Apartment,High,47276000.0
Tirupati,3062,4,1,2,25,Yes,Yes,2,Semi Furnished,Apartment,Low,19678000.0
Bengaluru,2579,1,4,2,17,Yes,Yes,3,Semi Furnished,Apartment,High,35265000.0
Kurnool,3141,2,1,3,15,Yes,Yes,2,Fully Furnished,Apartment,Low,18078000.0
Bengaluru,3614,5,3,2,8,No,Yes,3,Unfurnished,Villa,High,61550000.0
Visakhapatnam,2426,2,1,4,0,Yes,Yes,2,Semi Furnished,Villa,Low,25965000.0
Chennai,1116,1,2,1,10,Yes,Yes,0,Unfurnished,Independent House,Medium,11617000.0
Chennai,4144,3,2,3,8,Yes,Yes,3,Unfurnished,Apartment,High,44832000.0
Tirupati,1703,4,1,2,22,No,Yes,3,Semi Furnished,Independent House,Low,12093000.0
Srikakulam,2259,5,4,3,10,Yes,Yes,3,Unfurnished,Plot,Low,9874000.0
Pune,3065,2,1,2,12,Yes,Yes,0,Unfurnished,Independent House,Low,28035000.0
Anantapur,3674,1,1,3,25,Yes,Yes,0,Semi Furnished,Independent House,Medium,20398000.0
Kakinada,3581,1,4,2,1,Yes,Yes,2,Semi Furnished,Plot,High,21300000.0
Visakhapatnam,3130,4,4,1,13,Yes,Yes,2,Fully Furnished,Plot,Low,20807000.0
Hyderabad,3661,1,4,2,5,Yes,Yes,0,Semi Furnished,Independent House,Medium,41802000.0
Bengaluru,4821,1,2,4,7,No,Yes,0,Unfurnished,Plot,Medium,36275000.0
Delhi,1169,4,1,3,30,Yes,Yes,3,Semi Furnished,Independent House,Medium,15247000.0
Guntur,3668,5,3,3,17,No,Yes,2,Fully Furnished,Villa,Medium,37027000.0
Kurnool,2621,3,4,4,15,No,Yes,2,Semi Furnished,Villa,Medium,21108000.0
Vijayawada,4578,3,4,4,30,No,Yes,3,Unfurnished,Independent House,Medium,32746000.0
Chennai,4651,2,1,1,20,No,Yes,3,Semi Furnished,Plot,Medium,32290000.0
Kurnool,1219,5,3,3,28,No,Yes,3,Unfurnished,Plot,High,5693000.0
Chennai,3100,2,1,1,11,Yes,Yes,1,Semi Furnished,Villa,High,48874000.0
Tirupati,4098,3,1,3,10,Yes,No,1,Fully Furnished,Villa,Medium,45408000.0
Rajahmundry,1166,4,4,3,5,Yes,Yes,0,Fully Furnished,Plot,Low,7522000.0
Visakhapatnam,783,1,4,1,2,No,Yes,2,Semi Furnished,Plot,Low,6010000.0
Chennai,4403,3,2,3,13,Yes,Yes,3,Unfurnished,Plot,Low,26044000.0
Pune,4065,5,3,3,27,Yes,Yes,3,Fully Furnished,Plot,Medium,35368000.0
Rajahmundry,2734,3,3,1,1,Yes,Yes,2,Unfurnished,Independent House,Low,17404000.0
Chennai,1965,5,4,2,30,No,Yes,1,Semi Furnished,Plot,High,17105000.0
Kurnool,629,5,4,1,10,No,Yes,2,Fully Furnished,Villa,High,8328000.0
Mumbai,2560,5,4,3,21,Yes,Yes,0,Fully Furnished,Villa,High,69497000.0
Chennai,4172,2,3,4,2,Yes,Yes,1,Unfurnished,Apartment,High,45726000.0
Visakhapatnam,2994,4,2,2,17,Yes,Yes,2,Fully Furnished,Plot,Medium,20348000.0
Ongole,1492,3,3,4,30,Yes,Yes,2,Unfurnished,Independent House,High,9921000.0
Kakinada,2621,4,4,2,0,Yes,Yes,0,Unfurnished,Apartment,Low,16767000.0
Hyderabad,3084,1,4,4,29,Yes,Yes,2,Semi Furnished,Apartment,Low,27381000.0
Anantapur,4696,3,2,2,23,No,Yes,1,Unfurnished,Independent House,High,28256000.0
Chennai,2723,4,1,1,0,Yes,Yes,3,Fully Furnished,Apartment,High,37046000.0
Kakinada,3688,4,1,2,11,Yes,No,3,Unfurnished,Apartment,High,26957000.0
Bengaluru,3737,1,3,2,14,No,Yes,3,Fully Furnished,Villa,Low,58920000.0
Chennai,4636,5,1,2,4,Yes,Yes,1,Unfurnished,Apartment,Low,39532000.0
Kurnool,843,3,1,3,26,Yes,Yes,2,Semi Furnished,Independent House,High,6442000.0
Tirupati,4961,3,3,4,5,Yes,Yes,2,Semi Furnished,Plot,Low,25144000.0
Rajahmundry,2776,1,4,1,15,No,Yes,2,Unfurnished,Plot,Low,9467000.0
Pune,3701,5,1,4,26,Yes,Yes,2,Unfurnished,Plot,Medium,26228000.0
Kakinada,1388,3,4,4,11,Yes,Yes,3,Unfurnished,Villa,High,15191000.0
Guntur,2543,3,3,1,11,No,Yes,1,Semi Furnished,Villa,High,27759000.0
Chennai,1841,3,4,3,2,No,Yes,0,Unfurnished,Villa,Medium,23775000.0
Kadapa,4220,5,4,2,29,Yes,Yes,1,Unfurnished,Independent House,Medium,22194000.0
Visakhapatnam,3383,1,3,3,22,No,Yes,2,Fully Furnished,Plot,Low,19785000.0
Kakinada,4712,3,4,3,1,No,Yes,2,Semi Furnished,Independent House,Medium,35015000.0
Chennai,2915,4,1,2,6,No,Yes,1,Semi Furnished,Independent House,High,37472000.0
Kakinada,1617,5,1,4,1,No,Yes,1,Unfurnished,Apartment,High,12864000.0
Tirupati,4763,2,1,2,20,Yes,Yes,3,Unfurnished,Plot,High,25817000.0
Tirupati,3501,1,1,1,6,Yes,No,2,Fully Furnished,Apartment,Low,24857000.0
Rajahmundry,2238,4,4,2,10,Yes,Yes,1,Unfurnished,Villa,Low,16680000.0
Vijayawada,1864,3,1,4,10,Yes,Yes,2,Semi Furnished,Villa,High,23411000.0
Kakinada,3208,2,4,3,13,No,Yes,1,Fully Furnished,Independent House,High,29849000.0
Chennai,1424,1,2,3,2,No,Yes,2,Semi Furnished,Independent House,Low,14966000.0
Kakinada,651,5,4,2,13,Yes,Yes,1,Unfurnished,Apartment,Low,5509000.0
Mumbai,1085,2,1,1,10,Yes,Yes,2,Fully Furnished,Apartment,Medium,18792000.0
Pune,1412,2,2,4,3,Yes,Yes,0,Semi Furnished,Independent House,Low,16520000.0
Mumbai,2821,4,3,3,16,Yes,Yes,3,Semi Furnished,Plot,Low,28936000.0
Srikakulam,995,1,4,2,15,No,Yes,0,Semi Furnished,Independent House,High,6928000.0
Visakhapatnam,4295,4,1,1,2,Yes,No,3,Unfurnished,Plot,High,28444000.0
Kadapa,2648,4,1,1,24,Yes,Yes,3,Unfurnished,Apartment,High,14973000.0
Chennai,1056,3,1,3,9,Yes,Yes,1,Unfurnished,Villa,Medium,13774000.0
Delhi,2052,5,3,3,20,Yes,Yes,0,Unfurnished,Villa,Low,29154000.0
Nellore,2620,2,2,4,30,No,Yes,3,Semi Furnished,Apartment,Medium,15130000.0
Mumbai,3585,1,2,1,14,Yes,Yes,2,Fully Furnished,Apartment,Low,53889000.0
Nellore,4004,5,1,4,7,No,Yes,1,Unfurnished,Villa,Low,28965000.0
Visakhapatnam,656,5,4,1,17,Yes,Yes,1,Fully Furnished,Plot,High,7327000.0
Srikakulam,1234,1,1,1,2,Yes,Yes,2,Semi Furnished,Apartment,Low,6217000.0
Guntur,3776,5,1,2,6,Yes,Yes,2,Unfurnished,Plot,Medium,18743000.0
Kakinada,654,3,4,3,29,No,Yes,3,Semi Furnished,Plot,High,3492000.0
Kakinada,1496,5,1,1,9,Yes,Yes,2,Unfurnished,Villa,Medium,13467000.0
Tirupati,2794,3,3,4,19,Yes,Yes,1,Unfurnished,Plot,Medium,14316000.0
Visakhapatnam,3405,2,1,3,8,Yes,Yes,2,Fully Furnished,Villa,High,50375000.0
Pune,1677,2,3,4,13,Yes,Yes,0,Semi Furnished,Apartment,Low,16721000.0
Vijayawada,653,4,1,3,22,Yes,Yes,1,Semi Furnished,Independent House,Medium,6258000.0
Guntur,4687,3,2,3,13,Yes,Yes,2,Semi Furnished,Independent House,Low,31286000.0
Rajahmundry,2216,2,4,1,10,Yes,Yes,1,Fully Furnished,Independent House,High,20530000.0
Hyderabad,3702,5,2,2,27,Yes,Yes,3,Fully Furnished,Independent House,Low,41263000.0
Bengaluru,3357,1,1,1,0,Yes,Yes,0,Semi Furnished,Independent House,Low,38160000.0
Rajahmundry,1286,1,1,3,3,Yes,No,3,Semi Furnished,Independent House,High,10665000.0
Srikakulam,4868,3,3,1,25,No,Yes,0,Unfurnished,Plot,Low,14064000.0
Srikakulam,4772,4,1,1,26,Yes,Yes,2,Unfurnished,Plot,Medium,15681000.0
Chennai,4267,5,1,3,5,No,Yes,1,Fully Furnished,Independent House,Medium,52422000.0
Bengaluru,3378,3,1,3,21,Yes,Yes,2,Unfurnished,Apartment,Medium,35006000.0
Bengaluru,1142,1,2,1,25,No,Yes,3,Semi Furnished,Apartment,Low,11200000.0
Kakinada,1165,3,3,1,21,Yes,Yes,1,Semi Furnished,Plot,Medium,5294000.0
Rajahmundry,3926,5,2,1,4,Yes,Yes,2,Unfurnished,Plot,Low,16030000.0
Kurnool,4283,2,3,4,2,No,Yes,2,Unfurnished,Independent House,Low,23151000.0
Tirupati,4201,5,2,1,1,No,Yes,1,Fully Furnished,Apartment,Low,33621000.0
Anantapur,1569,2,1,4,2,No,Yes,1,Unfurnished,Villa,Low,10219000.0
Tirupati,2849,2,2,2,8,No,Yes,3,Fully Furnished,Independent House,High,29976000.0
Srikakulam,1712,2,2,4,18,Yes,Yes,0,Unfurnished,Plot,Medium,5577000.0
Hyderabad,1652,3,3,1,18,Yes,Yes,0,Unfurnished,Plot,Medium,10722000.0
Visakhapatnam,3011,1,3,2,16,Yes,Yes,1,Unfurnished,Plot,Low,14714000.0
Srikakulam,643,3,2,4,17,No,No,0,Unfurnished,Villa,High,5382000.0
Vijayawada,2989,1,3,4,10,Yes,Yes,3,Semi Furnished,Apartment,Low,21334000.0
Vijayawada,3728,5,3,3,11,No,Yes,0,Semi Furnished,Plot,Medium,21932000.0
Kakinada,3705,4,3,2,2,Yes,Yes,1,Semi Furnished,Independent House,Medium,28110000.0
Guntur,4743,5,4,3,17,Yes,Yes,3,Unfurnished,Villa,High,46231000.0
Rajahmundry,3642,3,3,2,23,Yes,Yes,1,Fully Furnished,Apartment,Low,22358000.0
Kurnool,3804,3,4,4,5,Yes,Yes,3,Unfurnished,Independent House,High,27321000.0
Kurnool,1857,1,4,3,6,No,Yes,3,Semi Furnished,Independent House,Low,11253000.0
Delhi,3213,3,3,1,0,Yes,Yes,1,Fully Furnished,Villa,High,73067000.0
Pune,4685,2,2,4,5,No,Yes,2,Fully Furnished,Villa,Medium,75156000.0
Srikakulam,1857,3,3,2,17,No,Yes,1,Semi Furnished,Villa,High,15509000.0
Kurnool,4794,1,1,2,12,Yes,Yes,3,Unfurnished,Plot,Medium,17597000.0
Rajahmundry,3692,1,2,3,30,No,Yes,1,Fully Furnished,Apartment,Medium,22563000.0
Ongole,800,2,4,3,21,Yes,Yes,1,Fully Furnished,Plot,Low,4142000.0
Guntur,1223,1,4,2,18,Yes,Yes,3,Semi Furnished,Villa,High,12943000.0
Hyderabad,3510,4,2,4,6,Yes,No,0,Fully Furnished,Villa,High,64889000.0
Pune,567,5,2,3,18,Yes,Yes,3,Fully Furnished,Villa,High,12102000.0
Visakhapatnam,4336,3,3,1,8,Yes,Yes,1,Fully Furnished,Plot,High,34687000.0
Rajahmundry,4493,4,4,2,2,No,Yes,3,Unfurnished,Independent House,Low,26830000.0
Chennai,3006,3,1,1,22,Yes,Yes,3,Unfurnished,Villa,Low,31850000.0
Visakhapatnam,2037,4,3,2,11,Yes,Yes,0,Semi Furnished,Plot,Low,13396000.0
Mumbai,897,3,2,1,19,Yes,Yes,2,Unfurnished,Villa,Medium,17024000.0
Hyderabad,3857,2,4,4,23,Yes,Yes,1,Fully Furnished,Plot,Medium,31697000.0
Pune,1663,1,2,2,29,No,Yes,1,Unfurnished,Apartment,Medium,14138000.0
Hyderabad,1055,1,2,4,17,No,Yes,0,Fully Furnished,Apartment,Low,10666000.0
Kurnool,4161,2,2,3,7,Yes,Yes,3,Fully Furnished,Plot,Medium,20713000.0
Pune,2251,4,3,2,8,No,Yes,2,Unfurnished,Villa,High,35866000.0
Chennai,3441,5,1,4,12,Yes,Yes,1,Unfurnished,Plot,Medium,23897000.0
Pune,3157,4,1,1,7,Yes,Yes,2,Unfurnished,Apartment,Low,28178000.0
Rajahmundry,3295,1,4,4,21,Yes,Yes,2,Unfurnished,Plot,Low,11783000.0
Kadapa,2829,5,2,2,9,Yes,Yes,3,Semi Furnished,Apartment,Low,15793000.0
Guntur,2459,3,1,4,16,No,Yes,3,Unfurnished,Apartment,Low,14153000.0
Anantapur,2101,5,2,1,6,Yes,Yes,3,Semi Furnished,Independent House,High,16703000.0
Pune,3293,4,4,1,16,Yes,Yes,1,Fully Furnished,Villa,Medium,53072000.0
Ongole,1980,2,2,1,22,Yes,Yes,2,Semi Furnished,Plot,Medium,7683000.0
Kadapa,1602,3,1,3,29,Yes,No,2,Fully Furnished,Villa,Low,10250000.0
Kakinada,3776,4,2,2,17,Yes,Yes,1,Semi Furnished,Villa,Medium,33375000.0
Kakinada,1799,3,1,1,23,Yes,Yes,0,Semi Furnished,Apartment,High,13133000.0
Nellore,4379,5,4,3,1,No,Yes,3,Fully Furnished,Apartment,Low,30670000.0
Pune,2035,1,2,1,2,No,Yes,1,Semi Furnished,Plot,Medium,16418000.0
Kakinada,577,4,1,4,28,Yes,Yes,3,Fully Furnished,Plot,Medium,3060000.0
Pune,3331,2,4,2,27,No,Yes,2,Unfurnished,Plot,Medium,22887000.0
Anantapur,3910,5,2,4,18,Yes,Yes,1,Fully Furnished,Apartment,Medium,24503000.0
Kakinada,3221,4,4,3,0,Yes,Yes,0,Semi Furnished,Independent House,Low,23292000.0
Anantapur,4127,2,1,4,20,Yes,Yes,3,Unfurnished,Plot,Low,12682000.0
Hyderabad,2032,4,2,4,20,Yes,Yes,2,Semi Furnished,Apartment,High,24990000.0
Kadapa,737,5,2,1,9,No,Yes,2,Unfurnished,Independent House,Low,5311000.0
Chennai,2496,4,2,4,20,Yes,Yes,0,Fully Furnished,Villa,Medium,38091000.0
Kadapa,3927,3,4,1,13,No,Yes,0,Unfurnished,Apartment,Medium,19381000.0
Hyderabad,777,5,4,1,12,Yes,Yes,3,Unfurnished,Plot,Medium,7542000.0
Chennai,3589,4,1,2,8,Yes,Yes,2,Unfurnished,Plot,High,28919000.0
Hyderabad,1023,1,3,3,5,No,Yes,0,Semi Furnished,Independent House,Low,10700000.0
Guntur,4775,4,2,3,5,Yes,Yes,1,Unfurnished,Independent House,Low,29681000.0
Rajahmundry,4718,3,2,3,18,Yes,Yes,0,Fully Furnished,Apartment,Low,28838000.0
Srikakulam,3622,2,1,1,20,Yes,Yes,1,Fully Furnished,Independent House,Medium,22018000.0
Srikakulam,2297,2,2,3,9,Yes,Yes,2,Fully Furnished,Apartment,Medium,14532000.0
Rajahmundry,2631,2,4,1,22,No,Yes,3,Unfurnished,Independent House,Medium,15121000.0
Rajahmundry,1315,1,4,2,2,Yes,Yes,2,Fully Furnished,Villa,High,15729000.0
Hyderabad,3194,3,2,3,17,Yes,Yes,2,Semi Furnished,Plot,High,28503000.0
Srikakulam,942,5,2,1,20,No,Yes,2,Fully Furnished,Plot,Medium,4630000.0
Mumbai,3640,2,4,3,18,Yes,Yes,2,Unfurnished,Villa,High,78759000.0
Guntur,642,3,2,3,4,Yes,Yes,3,Fully Furnished,Plot,High,6239000.0
Hyderabad,4787,4,4,2,24,Yes,Yes,0,Unfurnished,Plot,High,37330000.0
Anantapur,1910,1,3,4,10,Yes,Yes,3,Unfurnished,Plot,Low,6853000.0
Nellore,4973,3,3,3,9,Yes,Yes,3,Fully Furnished,Plot,High,30385000.0
Rajahmundry,1034,3,2,2,16,Yes,Yes,3,Semi Furnished,Villa,Medium,9473000.0
Chennai,2216,5,2,3,3,No,Yes,3,Semi Furnished,Apartment,Low,22197000.0
Hyderabad,3864,3,2,3,25,Yes,Yes,0,Fully Furnished,Plot,High,37243000.0
Bengaluru,1532,5,4,3,30,Yes,Yes,2,Unfurnished,Villa,Medium,22561000.0
Pune,3842,1,3,3,20,Yes,Yes,0,Fully Furnished,Plot,High,37947000.0
Bengaluru,1910,1,3,4,17,Yes,Yes,0,Unfurnished,Villa,Medium,26773000.0
Delhi,5000,4,1,4,27,No,Yes,2,Unfurnished,Villa,Medium,75146000.0
Delhi,1672,5,1,3,17,Yes,Yes,0,Unfurnished,Apartment,High,22910000.0
Vijayawada,1388,5,2,3,0,Yes,Yes,3,Semi Furnished,Independent House,High,15972000.0
Tirupati,3838,2,4,2,13,Yes,Yes,3,Semi Furnished,Apartment,Low,25714000.0
Guntur,2141,2,2,2,7,Yes,Yes,2,Fully Furnished,Apartment,High,19738000.0
Tirupati,971,4,3,1,1,Yes,Yes,2,Semi Furnished,Plot,Medium,8079000.0
Delhi,3440,1,2,4,18,Yes,Yes,2,Unfurnished,Villa,Low,47265000.0
Nellore,1046,2,2,3,14,Yes,Yes,3,Unfurnished,Independent House,Medium,7129000.0
Bengaluru,4097,3,3,4,27,Yes,Yes,2,Fully Furnished,Villa,Medium,70923000.0
Rajahmundry,3325,1,3,2,1,Yes,No,0,Unfurnished,Plot,High,17359000.0
Pune,4223,3,3,4,3,Yes,Yes,0,Fully Furnished,Villa,Medium,68947000.0
Guntur,863,5,3,4,29,Yes,Yes,1,Fully Furnished,Plot,High,6206000.0
Srikakulam,2666,1,1,3,0,No,Yes,1,Unfurnished,Apartment,Medium,13399000.0
Bengaluru,3809,4,4,3,18,Yes,Yes,2,Semi Furnished,Apartment,Low,40888000.0
Kakinada,1045,5,4,2,20,No,Yes,1,Unfurnished,Plot,High,6053000.0
Anantapur,3740,5,3,3,9,Yes,Yes,3,Unfurnished,Apartment,Low,19113000.0
Vijayawada,2436,3,4,2,0,No,Yes,3,Fully Furnished,Villa,High,35332000.0
Kakinada,1462,5,4,2,19,Yes,Yes,0,Semi Furnished,Independent House,Low,11063000.0
Ongole,3505,2,4,1,21,Yes,Yes,0,Fully Furnished,Independent House,High,29069000.0
Vijayawada,4306,1,4,1,14,Yes,Yes,1,Unfurnished,Villa,Low,36214000.0
Kadapa,1382,2,3,1,3,Yes,Yes,1,Fully Furnished,Independent House,Low,9250000.0
Hyderabad,4340,3,2,4,6,Yes,Yes,3,Fully Furnished,Villa,High,79945000.0
Ongole,1370,3,2,1,29,Yes,Yes,0,Unfurnished,Plot,High,5455000.0
Chennai,3485,1,2,3,6,Yes,Yes,1,Fully Furnished,Independent House,Medium,41958000.0
Delhi,1365,5,1,3,21,Yes,Yes,3,Unfurnished,Plot,Medium,12343000.0
Kakinada,4809,4,4,1,24,Yes,Yes,0,Fully Furnished,Plot,High,29364000.0
Anantapur,3703,3,3,4,17,Yes,Yes,3,Semi Furnished,Villa,High,32785000.0
Visakhapatnam,3397,1,3,2,12,Yes,Yes,3,Unfurnished,Independent House,Low,24857000.0
Kurnool,2744,4,1,4,9,Yes,Yes,0,Semi Furnished,Apartment,Low,15055000.0
Vijayawada,518,5,3,4,23,Yes,Yes,3,Fully Furnished,Apartment,Medium,5417000.0
Kurnool,1141,3,2,2,7,Yes,Yes,1,Semi Furnished,Apartment,Medium,7929000.0
Visakhapatnam,3583,1,1,2,26,Yes,Yes,3,Semi Furnished,Apartment,Medium,28233000.0
Mumbai,829,1,3,2,9,Yes,Yes,1,Semi Furnished,Villa,Low,16705000.0
Rajahmundry,1365,1,1,3,13,No,Yes,2,Fully Furnished,Plot,Low,6885000.0
Vijayawada,1273,3,1,2,13,Yes,Yes,2,Unfurnished,Independent House,Low,8871000.0
Pune,4987,4,3,2,26,No,Yes,2,Fully Furnished,Villa,Medium,78104000.0
Kakinada,2854,1,2,4,19,Yes,Yes,3,Fully Furnished,Apartment,High,23876000.0
Srikakulam,3838,5,3,4,21,No,Yes,2,Fully Furnished,Independent House,Medium,24906000.0
Visakhapatnam,4018,1,4,1,10,No,Yes,2,Unfurnished,Villa,Low,36962000.0
Kadapa,3442,4,4,4,5,Yes,Yes,3,Fully Furnished,Plot,Medium,17345000.0
Guntur,3067,3,3,2,20,Yes,Yes,0,Fully Furnished,Apartment,Medium,23120000.0
Hyderabad,2174,1,2,3,29,Yes,Yes,3,Unfurnished,Independent House,Medium,20260000.0
Bengaluru,3183,1,4,4,0,Yes,Yes,1,Unfurnished,Independent House,Medium,37302000.0
Nellore,3880,5,4,4,18,No,Yes,3,Unfurnished,Apartment,Low,21475000.0
Pune,1239,5,3,2,6,No,Yes,0,Semi Furnished,Plot,Medium,11574000.0
Kurnool,2045,1,3,4,23,No,Yes,2,Unfurnished,Apartment,Low,8949000.0
Kadapa,2759,1,3,4,17,No,Yes,3,Semi Furnished,Plot,Medium,10401000.0
Delhi,1635,5,1,2,2,No,Yes,2,Semi Furnished,Independent House,Low,22416000.0
Tirupati,1373,4,1,4,19,Yes,Yes,1,Fully Furnished,Apartment,High,14270000.0
Visakhapatnam,2800,2,1,3,29,Yes,No,0,Semi Furnished,Plot,Low,14124000.0
Hyderabad,1251,2,3,1,10,Yes,Yes,2,Fully Furnished,Plot,Low,10130000.0
Kakinada,1353,1,2,4,4,Yes,No,2,Semi Furnished,Villa,High,15191000.0
Kurnool,4232,5,4,3,18,Yes,Yes,2,Unfurnished,Plot,High,19735000.0
Srikakulam,2783,3,1,4,20,Yes,Yes,2,Fully Furnished,Apartment,High,18836000.0
Vijayawada,1829,3,2,1,23,Yes,Yes,3,Semi Furnished,Apartment,High,16482000.0
Visakhapatnam,977,2,3,2,23,Yes,Yes,0,Fully Furnished,Plot,High,6781000.0
Visakhapatnam,3226,4,1,1,29,No,Yes,0,Unfurnished,Apartment,High,27393000.0
Srikakulam,3591,2,3,4,1,Yes,Yes,2,Semi Furnished,Independent House,Medium,21646000.0
Bengaluru,4730,1,2,1,21,Yes,Yes,0,Semi Furnished,Independent House,Medium,57428000.0
Kakinada,1769,4,1,1,3,No,Yes,2,Unfurnished,Apartment,High,12973000.0
Rajahmundry,4681,3,1,2,24,Yes,Yes,1,Semi Furnished,Plot,Low,18602000.0
Kadapa,3103,5,1,4,9,Yes,Yes,1,Semi Furnished,Independent House,Low,18034000.0
Mumbai,1969,5,1,1,1,Yes,Yes,1,Fully Furnished,Plot,High,30520000.0
Tirupati,877,1,2,1,7,Yes,Yes,0,Semi Furnished,Apartment,Medium,6720000.0
Guntur,2180,2,1,2,0,No,Yes,2,Unfurnished,Villa,Medium,18334000.0
Anantapur,741,1,4,3,26,Yes,Yes,3,Semi Furnished,Independent House,Low,3789000.0
Vijayawada,1419,5,4,4,5,Yes,Yes,3,Fully Furnished,Apartment,High,17554000.0
Nellore,569,3,3,3,10,Yes,Yes,1,Semi Furnished,Independent House,Medium,5424000.0
Anantapur,4424,5,1,3,26,No,Yes,1,Fully Furnished,Plot,High,22843000.0
Tirupati,2586,4,4,2,29,Yes,No,0,Semi Furnished,Villa,High,30384000.0
Nellore,2507,5,4,2,27,No,Yes,3,Fully Furnished,Villa,Low,21651000.0
Guntur,1300,5,4,4,9,Yes,Yes,0,Fully Furnished,Apartment,High,14020000.0
Guntur,3279,4,2,3,12,No,Yes,1,Semi Furnished,Independent House,High,29151000.0
Bengaluru,1255,2,1,1,0,No,Yes,2,Unfurnished,Villa,Low,16872000.0
Ongole,2495,5,2,3,1,No,Yes,2,Unfurnished,Independent House,Medium,16643000.0
Delhi,1821,1,2,2,2,Yes,Yes,2,Semi Furnished,Plot,High,20728000.0
Visakhapatnam,2830,5,4,1,8,No,Yes,1,Semi Furnished,Plot,Low,17487000.0
Kadapa,609,1,4,1,4,Yes,Yes,0,Semi Furnished,Apartment,Medium,4994000.0
Bengaluru,1516,4,3,2,9,No,Yes,2,Semi Furnished,Villa,High,29389000.0
Kadapa,4365,5,1,1,9,Yes,Yes,3,Semi Furnished,Villa,Medium,32324000.0
Pune,524,4,1,3,11,Yes,Yes,3,Unfurnished,Independent House,Low,6634000.0
Pune,3338,4,4,2,17,Yes,Yes,1,Fully Furnished,Plot,High,34255000.0
Kurnool,1237,2,4,4,25,Yes,Yes,3,Fully Furnished,Villa,Low,9996000.0
Nellore,679,5,1,2,20,Yes,Yes,3,Unfurnished,Apartment,Low,4513000.0
Rajahmundry,731,1,3,4,20,Yes,Yes,1,Unfurnished,Apartment,High,4891000.0
Vijayawada,2417,1,4,4,0,Yes,Yes,0,Fully Furnished,Villa,Low,26737000.0
Mumbai,842,5,3,2,2,No,Yes,2,Unfurnished,Apartment,Medium,14540000.0
Srikakulam,3123,2,2,2,4,Yes,Yes,1,Semi Furnished,Villa,Low,20984000.0
Kurnool,954,2,4,4,24,Yes,Yes,3,Unfurnished,Villa,High,8470000.0
Guntur,4884,2,2,4,25,No,Yes,2,Unfurnished,Villa,High,45082000.0
Tirupati,2776,1,4,1,16,Yes,Yes,2,Unfurnished,Villa,Medium,24121000.0
Pune,1095,4,2,2,7,Yes,Yes,2,Unfurnished,Independent House,High,14983000.0
Hyderabad,4374,2,4,2,16,Yes,Yes,1,Fully Furnished,Villa,Low,61070000.0
Delhi,4997,1,3,1,8,Yes,Yes,2,Fully Furnished,Apartment,Low,63268000.0
Nellore,3169,1,3,2,5,Yes,Yes,0,Fully Furnished,Plot,High,19709000.0
Visakhapatnam,2635,4,3,1,16,Yes,Yes,3,Fully Furnished,Independent House,Medium,27454000.0
Kadapa,4464,5,2,1,7,No,Yes,1,Semi Furnished,Plot,Medium,18560000.0
Hyderabad,2065,5,3,2,20,Yes,Yes,1,Semi Furnished,Plot,High,19083000.0
Tirupati,808,2,2,3,6,Yes,Yes,2,Fully Furnished,Plot,Low,5067000.0
Chennai,842,2,4,4,6,No,Yes,3,Fully Furnished,Plot,High,10120000.0
Kadapa,935,4,2,2,14,Yes,Yes,2,Fully Furnished,Plot,High,6271000.0
Ongole,676,2,4,3,6,Yes,Yes,2,Unfurnished,Apartment,Medium,6289000.0
Delhi,638,4,1,1,21,No,Yes,1,Semi Furnished,Villa,Low,9404000.0
Kurnool,693,1,1,3,26,Yes,Yes,0,Semi Furnished,Apartment,Medium,2623000.0
Bengaluru,3757,2,1,2,7,No,Yes,3,Unfurnished,Independent House,Medium,42560000.0
Ongole,3735,1,2,2,8,Yes,Yes,3,Unfurnished,Apartment,Low,18313000.0
Nellore,1442,3,1,3,27,No,Yes,3,Unfurnished,Independent House,Low,7972000.0
Nellore,4379,4,1,2,14,Yes,No,3,Semi Furnished,Villa,Low,33891000.0
Ongole,3613,3,1,4,1,Yes,Yes,0,Unfurnished,Plot,High,17789000.0
Nellore,3462,2,4,3,6,Yes,Yes,1,Unfurnished,Villa,Low,25150000.0
Visakhapatnam,1453,1,3,1,14,No,Yes,0,Unfurnished,Apartment,High,13131000.0
Kurnool,1802,2,2,3,17,No,Yes,2,Fully Furnished,Apartment,Medium,11651000.0
Tirupati,3881,3,1,3,21,Yes,Yes,1,Unfurnished,Villa,Low,31114000.0
Delhi,3380,2,4,3,17,No,Yes,0,Fully Furnished,Villa,High,76126000.0
Kakinada,2687,5,3,3,9,Yes,Yes,3,Semi Furnished,Apartment,High,22630000.0
Pune,1045,3,3,1,21,Yes,Yes,3,Semi Furnished,Villa,High,18370000.0
Hyderabad,2427,2,3,1,17,Yes,Yes,1,Semi Furnished,Independent House,High,31562000.0
Bengaluru,4652,1,4,1,0,No,Yes,0,Fully Furnished,Independent House,Medium,65337000.0
Pune,504,2,1,3,6,No,No,1,Unfurnished,Apartment,Low,4602000.0
Hyderabad,3981,1,3,4,2,Yes,Yes,3,Semi Furnished,Apartment,Low,38893000.0
Mumbai,3753,5,4,4,13,No,Yes,0,Unfurnished,Villa,Low,63864000.0
Tirupati,1862,2,4,1,11,Yes,Yes,3,Fully Furnished,Villa,Low,19518000.0
Nellore,2320,5,2,4,13,Yes,Yes,1,Semi Furnished,Plot,Low,11511000.0
Nellore,3163,3,4,4,28,Yes,Yes,1,Unfurnished,Independent House,Low,16913000.0
Kakinada,3438,1,3,4,3,No,Yes,1,Unfurnished,Apartment,High,24735000.0
Pune,1773,3,3,4,12,Yes,No,1,Semi Furnished,Apartment,Low,17879000.0
Hyderabad,3826,1,4,4,15,Yes,Yes,1,Unfurnished,Apartment,High,42373000.0
Vijayawada,4159,5,3,2,15,Yes,Yes,2,Fully Furnished,Apartment,Medium,37289000.0
Hyderabad,3445,4,4,1,21,Yes,Yes,1,Semi Furnished,Plot,High,30880000.0
Visakhapatnam,3518,2,3,3,4,Yes,Yes,1,Semi Furnished,Independent House,Medium,33102000.0
Ongole,1631,5,2,4,19,Yes,Yes,3,Semi Furnished,Plot,Low,7488000.0
Vijayawada,3136,1,1,2,24,No,Yes,1,Semi Furnished,Independent House,Medium,24448000.0
Hyderabad,3529,1,2,3,5,Yes,Yes,0,Fully Furnished,Apartment,Medium,40448000.0
Pune,3519,1,2,2,5,Yes,Yes,1,Fully Furnished,Independent House,High,52797000.0
Chennai,4877,1,1,4,17,No,Yes,2,Unfurnished,Apartment,High,50312000.0
Srikakulam,3659,2,3,4,5,Yes,Yes,1,Fully Furnished,Plot,Medium,17075000.0
Srikakulam,753,3,1,4,6,No,Yes,3,Unfurnished,Independent House,Medium,5560000.0
Kadapa,828,4,4,4,23,Yes,Yes,0,Unfurnished,Villa,Low,5428000.0
Anantapur,3091,2,1,3,30,Yes,Yes,0,Semi Furnished,Independent House,High,19413000.0
Tirupati,3330,1,2,3,29,Yes,Yes,1,Unfurnished,Apartment,Medium,20321000.0
Guntur,3544,2,1,2,23,No,Yes,1,Semi Furnished,Villa,High,35710000.0
Visakhapatnam,1920,5,3,1,15,No,Yes,1,Unfurnished,Apartment,Low,14320000.0
Hyderabad,3901,1,2,4,8,Yes,Yes,1,Fully Furnished,Villa,Low,54188000.0
Bengaluru,3392,4,4,2,25,Yes,Yes,3,Semi Furnished,Villa,Medium,53809000.0
Vijayawada,1154,1,3,2,26,Yes,No,3,Unfurnished,Independent House,Low,7223000.0
Kadapa,1259,4,2,2,12,Yes,No,0,Fully Furnished,Independent House,Medium,9178000.0
Tirupati,2298,4,4,4,11,Yes,Yes,1,Fully Furnished,Villa,High,31253000.0
Pune,3471,3,3,4,18,Yes,Yes,3,Semi Furnished,Villa,High,58352000.0
Visakhapatnam,3926,3,4,2,25,Yes,Yes,3,Semi Furnished,Villa,Medium,43641000.0
Delhi,754,2,1,4,30,Yes,Yes,0,Semi Furnished,Apartment,Medium,8189000.0
Rajahmundry,4323,2,1,2,22,No,Yes,0,Unfurnished,Independent House,Medium,23832000.0
Nellore,2376,4,4,3,22,Yes,Yes,2,Semi Furnished,Apartment,High,19123000.0
Anantapur,3257,1,1,4,0,Yes,Yes,3,Fully Furnished,Independent House,High,26121000.0
Rajahmundry,3124,5,4,3,7,Yes,Yes,0,Fully Furnished,Plot,Low,16512000.0
Nellore,4621,5,3,1,30,Yes,Yes,3,Semi Furnished,Apartment,Low,26406000.0
Pune,3504,1,2,4,3,No,Yes,3,Semi Furnished,Independent House,High,47335000.0
Nellore,4234,1,4,1,20,Yes,Yes,1,Fully Furnished,Villa,High,46632000.0
Tirupati,1744,3,2,2,29,Yes,Yes,1,Unfurnished,Villa,Medium,14287000.0
Vijayawada,1508,5,2,4,21,Yes,Yes,1,Fully Furnished,Independent House,High,17522000.0
Kadapa,4814,4,4,4,18,No,Yes,1,Fully Furnished,Villa,High,46144000.0
Hyderabad,2010,2,1,4,20,Yes,Yes,3,Fully Furnished,Villa,Low,27810000.0
Bengaluru,2459,3,3,1,25,Yes,Yes,2,Semi Furnished,Plot,Low,18058000.0
Srikakulam,3008,5,2,1,4,Yes,Yes,2,Unfurnished,Plot,Medium,12856000.0
Kadapa,3182,1,3,2,16,Yes,Yes,2,Unfurnished,Plot,Low,9968000.0
Anantapur,1489,5,2,3,2,Yes,Yes,3,Semi Furnished,Apartment,Medium,10499000.0
Nellore,4784,4,4,3,18,Yes,Yes,2,Fully Furnished,Plot,High,29469000.0
Pune,754,3,1,1,0,No,Yes,3,Semi Furnished,Plot,High,7780000.0
Kakinada,4663,1,3,4,28,No,Yes,0,Semi Furnished,Plot,Medium,20317000.0
Chennai,4952,4,2,3,22,Yes,Yes,2,Unfurnished,Independent House,Low,42749000.0
Srikakulam,755,2,4,3,0,Yes,Yes,3,Unfurnished,Villa,Low,7139000.0
Kurnool,1507,3,4,1,22,Yes,Yes,0,Semi Furnished,Independent House,High,11351000.0
Pune,2255,4,2,2,19,Yes,No,1,Semi Furnished,Plot,Low,16051000.0
Mumbai,3071,4,2,1,8,Yes,Yes,0,Unfurnished,Apartment,Medium,43302000.0
Srikakulam,4408,1,2,1,22,Yes,Yes,0,Unfurnished,Independent House,High,24560000.0
Srikakulam,3497,2,1,4,4,Yes,Yes,2,Fully Furnished,Plot,Low,14599000.0
Kurnool,3303,4,2,1,6,Yes,Yes,1,Semi Furnished,Apartment,High,22961000.0
Tirupati,4265,3,2,4,24,Yes,Yes,1,Fully Furnished,Apartment,High,40455000.0
Kurnool,4879,4,1,2,25,Yes,Yes,2,Fully Furnished,Apartment,Low,27482000.0
Kadapa,3883,5,4,4,5,Yes,Yes,0,Fully Furnished,Villa,Medium,33474000.0
Guntur,598,3,2,2,16,No,Yes,3,Unfurnished,Apartment,Low,4470000.0
Bengaluru,696,3,3,2,21,Yes,Yes,2,Fully Furnished,Plot,Low,6324000.0
Kadapa,3029,4,4,2,16,No,Yes,0,Unfurnished,Independent House,Low,15359000.0
Delhi,1377,1,3,1,12,Yes,Yes,3,Unfurnished,Independent House,Low,15574000.0
Pune,2368,3,2,4,11,No,Yes,2,Unfurnished,Plot,Low,15749000.0
Chennai,3165,5,1,3,3,Yes,Yes,2,Semi Furnished,Villa,Low,40006000.0
Delhi,1888,1,1,1,29,No,Yes,1,Fully Furnished,Villa,Medium,33627000.0
Bengaluru,2915,1,1,2,7,Yes,Yes,1,Unfurnished,Apartment,High,36478000.0
Bengaluru,1069,1,2,3,4,Yes,Yes,1,Semi Furnished,Plot,Medium,10595000.0
Tirupati,3137,3,2,1,30,Yes,Yes,3,Semi Furnished,Apartment,Low,19636000.0
Anantapur,1565,1,3,3,4,Yes,Yes,2,Semi Furnished,Apartment,Medium,9911000.0
Hyderabad,921,4,1,2,12,Yes,Yes,1,Unfurnished,Plot,High,8373000.0
Visakhapatnam,3383,1,2,3,25,Yes,Yes,1,Unfurnished,Villa,Medium,33031000.0
Mumbai,1704,5,4,3,10,Yes,No,2,Unfurnished,Villa,Low,31166000.0
Kakinada,1044,2,2,2,7,Yes,Yes,3,Semi Furnished,Independent House,High,10385000.0
Rajahmundry,4666,5,2,3,7,Yes,Yes,1,Unfurnished,Plot,Low,18609000.0
Hyderabad,4139,3,4,1,0,Yes,No,0,Fully Furnished,Apartment,Low,44595000.0
Pune,1723,1,1,3,12,Yes,No,3,Unfurnished,Plot,High,14211000.0
Pune,3672,1,4,4,28,No,Yes,1,Unfurnished,Apartment,High,39854000.0
Pune,1267,4,1,1,4,No,Yes,0,Fully Furnished,Independent House,Low,16210000.0
Guntur,4157,1,4,3,27,No,Yes,1,Unfurnished,Independent House,Medium,24864000.0
Rajahmundry,1154,5,3,4,20,No,Yes,3,Unfurnished,Independent House,High,9847000.0
Kurnool,2946,3,1,4,7,Yes,Yes,2,Unfurnished,Independent House,Medium,17665000.0
Visakhapatnam,720,2,2,4,16,No,Yes,2,Unfurnished,Apartment,Medium,5173000.0
Nellore,4166,1,3,3,22,Yes,Yes,3,Semi Furnished,Villa,High,40745000.0
Hyderabad,4777,2,1,2,22,Yes,Yes,1,Unfurnished,Apartment,Medium,42252000.0
Bengaluru,4902,1,1,4,12,No,Yes,3,Fully Furnished,Independent House,High,80582000.0
Chennai,3069,3,1,2,8,Yes,Yes,0,Fully Furnished,Villa,High,54210000.0
Mumbai,1513,5,4,1,1,Yes,Yes,1,Semi Furnished,Plot,High,22766000.0
Delhi,2551,3,1,2,30,Yes,Yes,3,Unfurnished,Apartment,High,33279000.0
Kadapa,4485,2,2,2,18,Yes,Yes,2,Fully Furnished,Plot,Medium,19135000.0
Visakhapatnam,4810,1,1,2,19,Yes,Yes,3,Semi Furnished,Independent House,Medium,41755000.0
Ongole,3519,2,2,2,16,Yes,Yes,1,Unfurnished,Plot,High,16021000.0
Ongole,4181,5,2,2,30,Yes,Yes,3,Semi Furnished,Villa,High,38613000.0
Mumbai,1943,3,2,1,6,Yes,Yes,2,Unfurnished,Villa,High,43654000.0
Srikakulam,4696,2,3,1,29,Yes,Yes,0,Semi Furnished,Villa,High,36827000.0
Vijayawada,3510,2,2,2,25,Yes,Yes,3,Semi Furnished,Apartment,Low,23811000.0
Kakinada,1072,5,4,2,2,No,Yes,3,Fully Furnished,Plot,Medium,9188000.0
Visakhapatnam,1832,1,1,4,18,Yes,Yes,0,Fully Furnished,Plot,Medium,11723000.0
Bengaluru,4502,2,4,1,18,No,Yes,3,Semi Furnished,Plot,High,43774000.0
Visakhapatnam,3634,5,3,3,23,Yes,Yes,2,Unfurnished,Independent House,Low,27000000.0
Delhi,4586,1,1,1,8,Yes,Yes,0,Unfurnished,Apartment,Low,46002000.0
Rajahmundry,725,1,2,3,9,Yes,Yes,2,Unfurnished,Apartment,Low,4398000.0
Pune,4700,3,1,4,28,Yes,Yes,2,Unfurnished,Plot,High,36927000.0
Rajahmundry,2497,5,3,2,13,Yes,Yes,2,Unfurnished,Apartment,Low,14375000.0
Anantapur,1271,1,3,4,17,Yes,Yes,1,Fully Furnished,Plot,High,7169000.0
Anantapur,933,3,4,2,25,Yes,No,0,Semi Furnished,Plot,Low,3387000.0
Visakhapatnam,3599,4,1,1,14,Yes,Yes,1,Fully Furnished,Plot,High,28101000.0
Guntur,3229,5,1,2,25,Yes,Yes,1,Unfurnished,Villa,High,30686000.0
Tirupati,3907,4,1,3,0,No,Yes,3,Semi Furnished,Independent House,Medium,32064000.0
Nellore,3640,1,4,3,29,Yes,Yes,0,Unfurnished,Apartment,High,23408000.0
Guntur,1365,5,3,4,24,No,Yes,3,Unfurnished,Independent House,Low,9007000.0
Bengaluru,3293,3,2,1,5,No,Yes,1,Semi Furnished,Villa,Medium,51873000.0
Nellore,3411,1,1,3,29,Yes,Yes,3,Unfurnished,Apartment,Low,16287000.0
Hyderabad,2915,5,4,4,14,No,Yes,2,Fully Furnished,Plot,High,30343000.0
Rajahmundry,750,5,4,1,24,No,Yes,1,Fully Furnished,Independent House,Medium,6471000.0
Rajahmundry,4257,4,2,1,5,Yes,Yes,2,Fully Furnished,Villa,High,47826000.0
Nellore,1418,1,3,4,17,Yes,Yes,0,Unfurnished,Apartment,High,9555000.0
Kakinada,1673,3,1,3,0,Yes,Yes,3,Fully Furnished,Apartment,Low,12903000.0
Guntur,3703,3,1,3,29,Yes,Yes,1,Unfurnished,Independent House,Low,20933000.0
Tirupati,932,1,4,4,23,Yes,Yes,0,Unfurnished,Independent House,Low,6164000.0
Visakhapatnam,1335,1,3,3,2,No,No,2,Fully Furnished,Apartment,Medium,13464000.0
Vijayawada,2746,2,1,4,16,No,Yes,3,Fully Furnished,Apartment,Low,20379000.0
Rajahmundry,2762,4,2,3,30,Yes,Yes,3,Unfurnished,Villa,High,24027000.0
Kakinada,1397,1,3,3,15,Yes,Yes,1,Unfurnished,Plot,Medium,6497000.0
Vijayawada,4132,1,3,4,7,No,Yes,3,Unfurnished,Plot,Low,18939000.0
Chennai,4315,2,4,4,27,Yes,Yes,3,Unfurnished,Villa,Low,46108000.0
Chennai,746,2,4,3,16,Yes,Yes,2,Fully Furnished,Apartment,Low,8359000.0
Tirupati,2929,5,1,4,7,Yes,Yes,2,Unfurnished,Independent House,High,26578000.0
Kurnool,1490,3,4,3,16,Yes,Yes,2,Unfurnished,Independent House,Low,9591000.0
Kadapa,3810,4,3,2,24,Yes,Yes,0,Unfurnished,Apartment,High,22012000.0
Visakhapatnam,1426,5,1,1,29,Yes,Yes,0,Unfurnished,Villa,Medium,13409000.0
Rajahmundry,3938,1,1,1,8,Yes,Yes,3,Unfurnished,Apartment,Low,19572000.0
Visakhapatnam,3107,2,3,3,11,Yes,Yes,0,Semi Furnished,Independent House,High,33308000.0
Chennai,1574,3,1,1,28,Yes,Yes,1,Semi Furnished,Apartment,Low,13338000.0
Hyderabad,4522,5,2,3,24,Yes,Yes,2,Semi Furnished,Apartment,Low,41719000.0
Hyderabad,4299,3,2,4,18,No,Yes,0,Fully Furnished,Villa,Medium,66203000.0
Vijayawada,3651,2,1,2,3,Yes,Yes,3,Unfurnished,Plot,Medium,19075000.0
Hyderabad,3938,5,4,1,20,Yes,Yes,2,Fully Furnished,Independent House,High,58454000.0
Kurnool,3991,5,2,1,21,Yes,Yes,0,Unfurnished,Independent House,High,26147000.0
Mumbai,1206,3,1,4,24,Yes,Yes,2,Semi Furnished,Apartment,High,22161000.0
Vijayawada,3564,2,2,2,28,No,Yes,0,Unfurnished,Independent House,Medium,25258000.0
Rajahmundry,1253,1,4,2,10,Yes,Yes,3,Fully Furnished,Independent House,High,12495000.0
Pune,1087,5,3,2,27,Yes,Yes,0,Fully Furnished,Plot,Medium,9406000.0
Vijayawada,1834,1,1,4,3,No,Yes,0,Unfurnished,Independent House,Medium,14049000.0
Ongole,2347,2,1,1,13,Yes,Yes,0,Fully Furnished,Independent House,Low,14979000.0
Mumbai,4434,5,1,1,13,Yes,Yes,2,Semi Furnished,Villa,Low,81609000.0
Kurnool,4426,5,1,2,5,Yes,Yes,0,Unfurnished,Villa,High,37565000.0
Vijayawada,3817,1,1,4,28,No,No,0,Semi Furnished,Villa,Medium,37124000.0
Vijayawada,4520,4,1,4,16,Yes,No,0,Semi Furnished,Villa,Medium,46937000.0
Hyderabad,3655,1,4,4,1,No,Yes,2,Fully Furnished,Villa,Medium,57887000.0
Bengaluru,4802,1,3,2,7,Yes,Yes,3,Unfurnished,Plot,Low,33232000.0
Vijayawada,2698,4,4,4,3,Yes,Yes,3,Semi Furnished,Independent House,Medium,24998000.0
Anantapur,664,2,4,2,9,No,Yes,3,Semi Furnished,Apartment,High,5437000.0
Visakhapatnam,2498,2,3,2,6,Yes,Yes,0,Unfurnished,Plot,High,16729000.0
Rajahmundry,3557,5,4,2,3,No,Yes,2,Fully Furnished,Apartment,Low,24772000.0
Chennai,2584,3,2,3,15,No,Yes,3,Semi Furnished,Villa,High,41328000.0
Anantapur,4928,3,4,2,13,No,Yes,3,Unfurnished,Independent House,Medium,27483000.0
Anantapur,902,5,1,4,15,Yes,Yes,3,Unfurnished,Villa,Medium,7430000.0
Guntur,913,3,2,3,24,Yes,Yes,1,Semi Furnished,Plot,High,5635000.0
Pune,544,1,2,1,8,No,Yes,2,Semi Furnished,Apartment,Low,5580000.0
Kakinada,4657,1,3,1,3,Yes,Yes,1,Semi Furnished,Independent House,Medium,33641000.0
Hyderabad,2967,4,4,4,28,Yes,Yes,0,Fully Furnished,Plot,Medium,25267000.0
Pune,1367,4,4,4,30,Yes,Yes,3,Fully Furnished,Plot,Low,11873000.0
Ongole,518,5,2,4,23,Yes,Yes,0,Unfurnished,Independent House,Medium,4265000.0
Ongole,864,5,4,4,5,Yes,Yes,2,Unfurnished,Independent House,High,9069000.0
Tirupati,4332,5,4,3,0,Yes,No,0,Semi Furnished,Plot,High,29872000.0
Rajahmundry,1079,1,3,4,30,Yes,Yes,0,Unfurnished,Apartment,Low,4894000.0
Delhi,1045,3,2,2,6,Yes,Yes,3,Fully Furnished,Apartment,Low,15157000.0
Chennai,4650,5,1,1,0,Yes,Yes,2,Unfurnished,Plot,High,37197000.0
Delhi,3539,5,2,4,18,No,Yes,0,Unfurnished,Plot,Low,26915000.0
Chennai,4637,1,3,2,7,No,Yes,1,Semi Furnished,Villa,High,73387000.0
Bengaluru,4544,1,3,4,30,Yes,Yes,3,Semi Furnished,Villa,Low,62965000.0
Tirupati,4826,1,3,2,24,Yes,Yes,1,Fully Furnished,Apartment,High,45255000.0
Hyderabad,952,3,4,3,2,Yes,Yes,3,Unfurnished,Villa,Medium,14143000.0
Rajahmundry,4461,5,2,1,0,Yes,Yes,0,Unfurnished,Apartment,Medium,26106000.0
Delhi,1881,2,4,1,0,No,No,3,Unfurnished,Independent House,High,29043000.0
Srikakulam,1967,2,4,3,6,No,Yes,0,Semi Furnished,Villa,Medium,14546000.0
Chennai,3238,5,2,2,20,No,Yes,1,Fully Furnished,Apartment,High,42726000.0
Vijayawada,1716,5,3,4,12,Yes,Yes,0,Unfurnished,Apartment,Low,13017000.0
Delhi,1380,5,1,2,29,Yes,Yes,3,Unfurnished,Plot,Medium,11267000.0
Vijayawada,4314,5,1,1,0,Yes,No,3,Unfurnished,Apartment,Medium,31169000.0
Kadapa,3649,3,2,3,15,Yes,Yes,3,Unfurnished,Villa,Medium,23823000.0
Kakinada,584,2,2,3,21,Yes,Yes,1,Fully Furnished,Plot,High,3338000.0
Srikakulam,4644,4,3,2,29,Yes,Yes,2,Fully Furnished,Plot,Medium,19273000.0
Pune,1668,2,2,2,21,Yes,Yes,1,Fully Furnished,Villa,Low,24028000.0
Bengaluru,4664,2,2,3,13,Yes,Yes,0,Semi Furnished,Independent House,Medium,58041000.0
Pune,3629,1,3,1,3,Yes,Yes,0,Unfurnished,Villa,Low,43324000.0
Delhi,4145,5,3,4,22,Yes,Yes,1,Unfurnished,Villa,Medium,64011000.0
Kurnool,3026,5,4,4,22,No,Yes,1,Unfurnished,Plot,Medium,12387000.0
Pune,3367,5,2,2,11,Yes,Yes,0,Unfurnished,Villa,Low,40116000.0
Delhi,4016,1,1,3,24,Yes,Yes,0,Fully Furnished,Independent House,Medium,58969000.0
Rajahmundry,3867,3,2,3,11,Yes,Yes,0,Semi Furnished,Independent House,Low,23799000.0
Kakinada,2694,3,1,3,16,No,Yes,2,Semi Furnished,Independent House,Low,17390000.0
Kurnool,4055,4,1,1,20,Yes,Yes,2,Unfurnished,Plot,Low,13698000.0
Nellore,945,3,1,2,14,No,Yes,1,Fully Furnished,Villa,Medium,9129000.0
Srikakulam,4126,3,4,2,9,Yes,Yes,1,Semi Furnished,Apartment,Medium,22488000.0
Kadapa,4516,5,3,2,2,No,Yes,2,Semi Furnished,Villa,Low,32044000.0
Guntur,4375,2,3,1,22,Yes,Yes,3,Unfurnished,Independent House,Medium,28103000.0
Kadapa,3837,3,4,2,19,Yes,Yes,2,Semi Furnished,Villa,High,33039000.0
Kakinada,761,3,3,4,19,Yes,Yes,1,Unfurnished,Plot,Low,4024000.0
Vijayawada,2348,1,4,2,28,Yes,Yes,2,Fully Furnished,Villa,Low,23889000.0
Srikakulam,4525,4,2,2,11,No,Yes,3,Unfurnished,Plot,High,18928000.0
Tirupati,2766,1,4,2,0,Yes,Yes,1,Semi Furnished,Apartment,High,25331000.0
Tirupati,591,5,3,1,0,Yes,Yes,0,Unfurnished,Apartment,Low,6129000.0
Delhi,4722,2,3,4,9,No,Yes,1,Unfurnished,Plot,High,45909000.0
Bengaluru,4675,4,2,4,17,Yes,Yes,2,Unfurnished,Villa,Low,59314000.0
Hyderabad,3809,1,4,3,14,No,Yes,2,Unfurnished,Independent House,Medium,37699000.0
Pune,1482,3,2,3,1,Yes,Yes,3,Unfurnished,Plot,High,13688000.0
Kurnool,3943,3,1,4,16,No,Yes,2,Unfurnished,Villa,Low,25042000.0
Mumbai,3033,4,4,2,7,Yes,Yes,3,Semi Furnished,Villa,Low,57635000.0
Srikakulam,1193,3,2,2,21,Yes,Yes,1,Unfurnished,Villa,Low,7134000.0
Nellore,4620,1,2,2,21,Yes,Yes,2,Semi Furnished,Independent House,High,36140000.0
Pune,655,1,3,1,25,Yes,Yes,1,Unfurnished,Independent House,Medium,6215000.0
Guntur,4088,3,4,2,25,Yes,No,0,Fully Furnished,Independent House,Medium,31730000.0
Ongole,2312,3,1,1,8,Yes,Yes,0,Unfurnished,Plot,High,10998000.0
Bengaluru,4614,5,1,4,20,No,Yes,3,Semi Furnished,Plot,Low,35496000.0
Kadapa,1907,2,4,2,30,No,Yes,2,Semi Furnished,Independent House,Low,9859000.0
Hyderabad,1716,4,4,2,19,No,Yes,1,Fully Furnished,Plot,Low,13550000.0
Nellore,1910,1,2,3,30,No,Yes,1,Unfurnished,Independent House,High,12150000.0
Guntur,3997,4,3,4,10,No,Yes,2,Fully Furnished,Plot,High,27125000.0
Srikakulam,4872,5,3,2,5,No,Yes,1,Unfurnished,Villa,Low,29655000.0
Kadapa,1051,1,3,1,23,No,No,2,Unfurnished,Independent House,Low,4141000.0
Pune,3894,5,4,4,13,Yes,Yes,2,Semi Furnished,Plot,Low,28830000.0
Tirupati,1676,5,3,3,0,No,Yes,0,Fully Furnished,Villa,High,24141000.0
Bengaluru,4832,3,2,4,6,No,Yes,2,Fully Furnished,Villa,High,99643000.0
Kakinada,1497,4,4,1,23,No,Yes,1,Semi Furnished,Plot,Medium,7562000.0
Srikakulam,4576,4,4,3,8,Yes,Yes,2,Semi Furnished,Villa,Low,30889000.0
Nellore,3231,3,3,1,10,Yes,Yes,0,Fully Furnished,Apartment,Low,21610000.0
Ongole,4437,4,1,4,23,No,Yes,0,Semi Furnished,Independent House,Medium,27330000.0
Pune,4552,3,1,3,22,No,Yes,3,Unfurnished,Independent House,Low,41960000.0
Nellore,872,1,2,1,15,Yes,Yes,1,Fully Furnished,Villa,Medium,7644000.0
Mumbai,2748,5,3,4,18,Yes,Yes,2,Fully Furnished,Plot,High,41188000.0
Anantapur,1348,5,3,1,1,Yes,No,1,Semi Furnished,Apartment,Medium,9876000.0
Kakinada,3056,4,4,2,14,Yes,Yes,1,Unfurnished,Plot,Medium,14141000.0
Visakhapatnam,2822,2,4,4,2,Yes,Yes,2,Fully Furnished,Independent House,High,35163000.0
Bengaluru,1003,5,3,3,3,Yes,Yes,0,Fully Furnished,Villa,Low,17908000.0
Mumbai,3689,3,4,3,19,No,Yes,1,Unfurnished,Apartment,Medium,50659000.0
Delhi,1202,2,3,2,21,Yes,Yes,3,Semi Furnished,Villa,Medium,21055000.0
Chennai,4125,2,2,1,27,Yes,Yes,1,Semi Furnished,Apartment,Low,35311000.0
Visakhapatnam,814,5,4,1,6,No,Yes,0,Semi Furnished,Villa,Medium,12181000.0
Srikakulam,2876,5,3,3,11,Yes,Yes,3,Semi Furnished,Plot,High,14607000.0
Kakinada,1540,5,4,1,3,Yes,Yes,3,Unfurnished,Independent House,Medium,12637000.0
Anantapur,4878,3,2,4,9,Yes,No,3,Unfurnished,Villa,Low,30677000.0
Kakinada,3490,2,4,4,5,Yes,Yes,3,Fully Furnished,Villa,Low,32213000.0
Hyderabad,757,4,3,3,24,No,Yes,2,Fully Furnished,Apartment,Medium,9113000.0
Delhi,1074,3,4,4,29,No,Yes,2,Unfurnished,Plot,Low,8557000.0
Nellore,2052,1,4,3,21,Yes,Yes,2,Fully Furnished,Plot,Low,9154000.0
Hyderabad,1257,5,3,1,13,Yes,Yes,3,Unfurnished,Apartment,Medium,13705000.0
Tirupati,3310,2,1,1,2,Yes,Yes,0,Semi Furnished,Plot,Medium,18459000.0
Vijayawada,1604,3,4,1,16,No,Yes,1,Unfurnished,Independent House,Low,10746000.0
Mumbai,3959,1,4,2,10,No,Yes,3,Unfurnished,Villa,Medium,72787000.0
Kakinada,4492,3,2,3,9,Yes,Yes,0,Fully Furnished,Apartment,High,40100000.0
Kakinada,703,3,1,4,25,Yes,Yes,1,Unfurnished,Plot,Medium,2960000.0
Kurnool,3275,4,2,1,28,No,Yes,3,Semi Furnished,Independent House,Low,17622000.0
Kadapa,2832,4,3,2,20,No,Yes,1,Semi Furnished,Independent House,High,19641000.0
Guntur,2492,3,3,4,9,Yes,Yes,2,Fully Furnished,Plot,Low,14491000.0
Tirupati,2743,1,2,4,9,No,Yes,2,Fully Furnished,Plot,Low,14713000.0
Hyderabad,806,2,4,4,2,Yes,Yes,2,Unfurnished,Apartment,High,10936000.0
Hyderabad,2187,2,1,1,23,Yes,Yes,0,Fully Furnished,Plot,Medium,17079000.0
Hyderabad,4609,5,2,4,25,Yes,Yes,2,Semi Furnished,Apartment,Low,43017000.0
Vijayawada,2360,5,2,3,14,Yes,Yes,0,Fully Furnished,Villa,Medium,28427000.0
Kakinada,2461,2,3,2,16,Yes,No,2,Fully Furnished,Independent House,Medium,19726000.0
Rajahmundry,1222,3,4,4,26,Yes,Yes,2,Semi Furnished,Apartment,High,9170000.0
Anantapur,1279,3,1,4,17,Yes,Yes,2,Unfurnished,Independent House,Low,6976000.0
Tirupati,1028,4,2,3,18,Yes,Yes,0,Unfurnished,Villa,High,10866000.0
Delhi,843,4,1,4,18,Yes,Yes,1,Fully Furnished,Plot,High,10675000.0
Visakhapatnam,4286,5,1,1,11,Yes,Yes,0,Semi Furnished,Apartment,Low,32534000.0
Kurnool,4182,2,2,1,23,No,Yes,3,Semi Furnished,Plot,Low,14237000.0
Srikakulam,708,3,1,1,4,Yes,Yes,3,Semi Furnished,Independent House,High,5661000.0
Srikakulam,3906,2,3,4,23,Yes,Yes,0,Unfurnished,Apartment,High,21323000.0
Rajahmundry,1811,1,4,2,26,No,Yes,0,Semi Furnished,Villa,High,16752000.0
Guntur,2799,2,4,2,15,Yes,Yes,1,Semi Furnished,Villa,Low,23298000.0
Tirupati,3836,1,4,4,29,Yes,Yes,0,Unfurnished,Plot,Low,15895000.0
Kadapa,2447,4,3,2,14,Yes,Yes,2,Semi Furnished,Villa,High,22340000.0
Visakhapatnam,1419,4,3,2,14,No,Yes,1,Unfurnished,Villa,Low,13224000.0
Hyderabad,2544,5,3,4,26,No,Yes,0,Fully Furnished,Plot,Low,19563000.0
Pune,918,2,4,1,5,Yes,Yes,0,Fully Furnished,Plot,Low,8713000.0
Ongole,2249,2,1,4,30,Yes,Yes,3,Fully Furnished,Apartment,Medium,13848000.0
Srikakulam,3342,1,3,1,11,Yes,Yes,1,Fully Furnished,Apartment,Medium,19614000.0
Bengaluru,1599,4,2,1,1,No,Yes,3,Fully Furnished,Plot,High,19445000.0
Ongole,3892,1,3,2,26,Yes,Yes,0,Unfurnished,Independent House,Medium,21174000.0
Chennai,3272,4,2,2,19,No,Yes,1,Unfurnished,Independent House,High,36877000.0
Hyderabad,2980,1,4,1,8,Yes,Yes,2,Unfurnished,Apartment,High,33571000.0
Nellore,2045,4,2,1,3,Yes,Yes,0,Semi Furnished,Apartment,Low,13291000.0
Kurnool,1570,1,3,2,4,No,Yes,0,Fully Furnished,Plot,High,8620000.0
Vijayawada,2350,4,3,3,20,No,Yes,3,Semi Furnished,Independent House,High,23536000.0
Pune,4698,1,1,1,25,Yes,Yes,2,Semi Furnished,Plot,High,40119000.0
Tirupati,3439,2,4,1,7,Yes,Yes,0,Semi Furnished,Apartment,High,30135000.0
Chennai,2403,5,2,1,21,Yes,Yes,3,Fully Furnished,Villa,Low,33252000.0
Ongole,1178,1,4,2,9,Yes,Yes,3,Semi Furnished,Villa,Low,9944000.0
Visakhapatnam,1488,5,3,4,6,Yes,Yes,0,Fully Furnished,Villa,High,24322000.0
Visakhapatnam,2975,2,1,1,21,Yes,Yes,1,Fully Furnished,Plot,Medium,18418000.0
Bengaluru,2107,2,3,1,13,Yes,Yes,0,Fully Furnished,Independent House,Medium,29927000.0
Kurnool,3369,4,3,1,29,Yes,Yes,2,Semi Furnished,Apartment,High,22062000.0
Pune,2002,5,3,4,29,Yes,Yes,0,Fully Furnished,Independent House,Low,23869000.0
Srikakulam,2289,3,2,4,4,Yes,Yes,1,Fully Furnished,Independent House,High,19373000.0
